,title,distributor,genre,time,screening_rat,director,dir_prev_bfnum,dir_prev_num,num_staff,num_actor,release_year,release_month,release_day,season,dir_prev_bfnum_len,dir_prev_bfnum_sum,new_genre,new_screening_rat,box_off_num
0,개들의 전쟁,롯데엔터테인먼트,액션,96,청소년 관람불가,조병옥,0.0,0,91,2,2012,11,22,0,1,0.0,2203974.0714285714,364181.32843137253,23398
1,내부자들,(주)쇼박스,느와르,130,청소년 관람불가,우민호,1161602.5,2,387,3,2015,11,19,0,4,5305814.5,2263695.111111111,364181.32843137253,7072501
2,은밀하게 위대하게,(주)쇼박스,액션,123,15세 관람가,장철수,220775.25,4,343,4,2013,06,05,0,2,220775.25,2203974.0714285714,1247518.6435643565,6959083
3,나는 공무원이다,(주)NEW,코미디,101,전체 관람가,구자홍,23894.0,2,20,6,2012,07,12,1,2,23894.0,1193914.0,135100.45652173914,217866
4,불량남녀,쇼박스(주)미디어플렉스,코미디,108,15세 관람가,신근호,1.0,1,251,2,2010,11,04,0,2,1.0,1193914.0,1247518.6435643565,483387
5,강철대오 : 구국의 철가방,롯데엔터테인먼트,코미디,113,15세 관람가,육상효,837969.0,2,262,4,2012,10,25,0,3,1541476.0,1193914.0,1247518.6435643565,233211
6,길위에서,백두대간,다큐멘터리,104,전체 관람가,이창재,0.0,0,32,5,2013,05,23,0,1,0.0,67172.25806451614,135100.45652173914,53526
7,회사원,(주)쇼박스,액션,96,청소년 관람불가,임상윤,739522.0,3,342,2,2012,10,11,0,2,739522.0,2203974.0714285714,364181.32843137253,1110523
8,"1789, 바스티유의 연인들",유니버설픽쳐스인터내셔널코리아,뮤지컬,129,전체 관람가,정성복,0.0,0,3,5,2014,09,18,1,1,0.0,6627.0,135100.45652173914,4778
9,청춘그루브,(주)두타연,드라마,94,15세 관람가,변성현,0.0,0,138,3,2012,03,15,0,1,0.0,625689.7918552036,1247518.6435643565,868
10,AV 아이돌,(주) 케이알씨지,멜로/로맨스,89,청소년 관람불가,조조 히데오,0.0,0,0,4,2015,07,27,1,1,0.0,425968.03846153844,364181.32843137253,745
11,무서운 집,(주)콘텐츠 윙,공포,98,12세 관람가,양병간,0.0,0,0,1,2015,07,30,1,1,0.0,590832.5238095238,844980.9019607843,1079
12,해로,(주)키노아이,드라마,113,12세 관람가,최종태,431231.0,1,14,2,2012,03,22,0,2,431231.0,625689.7918552036,844980.9019607843,5851
13,짓,(주)팝 파트너스,서스펜스,107,청소년 관람불가,한종훈,534232.5,2,15,4,2013,09,25,1,2,534232.5,82611.0,364181.32843137253,23052
14,철가방 우수氏,CJ E&M 영화부문,드라마,100,12세 관람가,윤학렬,0.0,0,152,1,2012,11,22,0,1,0.0,625689.7918552036,844980.9019607843,92404
15,자유의 언덕,(주) 영화제작전원사,드라마,67,청소년 관람불가,홍상수,19658.5,0,52,3,2014,09,04,1,2,39317.0,625689.7918552036,364181.32843137253,39317
16,써니,CJ E&M Pictures,코미디,124,15세 관람가,강형철,8223342.0,1,572,11,2011,05,04,0,3,16061870.5,1193914.0,1247518.6435643565,7453715
17,별이 빛나는 밤,CGV 무비꼴라쥬,드라마,98,전체 관람가,린슈유,773.0,1,8,4,2012,04,05,0,2,773.0,625689.7918552036,135100.45652173914,5693
18,카트,리틀빅픽처스,드라마,104,12세 관람가,부지영,0.0,0,359,4,2014,11,13,0,1,0.0,625689.7918552036,844980.9019607843,814570
19,하하하,스폰지,드라마,115,청소년 관람불가,홍상수,19658.5,0,74,9,2010,05,05,0,2,39317.0,625689.7918552036,364181.32843137253,57029
20,두근두근 내 인생,CJ 엔터테인먼트,드라마,117,12세 관람가,이재용,495068.5,2,466,3,2014,09,03,1,3,990137.0,625689.7918552036,844980.9019607843,1624573
21,성실한 나라의 앨리스,CGV아트하우스,드라마,90,청소년 관람불가,안국진,0.0,0,228,1,2015,08,13,1,1,0.0,625689.7918552036,364181.32843137253,44074
22,원령,조이앤시네마,공포,91,15세 관람가,동지견,0.0,0,0,1,2015,08,13,1,1,0.0,590832.5238095238,1247518.6435643565,914
23,관능의 법칙,롯데엔터테인먼트,드라마,108,청소년 관람불가,권칠인,75740.0,1,288,3,2014,02,13,0,3,151480.0,625689.7918552036,364181.32843137253,781516
24,"안녕, 투이",인디플러그,드라마,106,청소년 관람불가,김재한,0.0,0,153,3,2014,11,27,0,1,0.0,625689.7918552036,364181.32843137253,1176
25,영도,콘텐츠판다,드라마,116,청소년 관람불가,손승웅,0.0,0,183,3,2015,09,10,1,1,0.0,625689.7918552036,364181.32843137253,3094
26,이웃집 좀비,인디스토리,공포,89,15세 관람가,류훈,899723.5,0,40,10,2010,02,18,0,2,1799447.0,590832.5238095238,1247518.6435643565,2807
27,러브앤서울 복숭아마을 도색소동기,(주) 케이알씨지,멜로/로맨스,89,청소년 관람불가,조조 히데오,0.0,0,0,4,2015,07,27,1,1,0.0,425968.03846153844,364181.32843137253,745
28,무법자,(주)NEW,느와르,93,청소년 관람불가,김철한,0.0,0,250,3,2010,03,18,0,1,0.0,2263695.111111111,364181.32843137253,160734
29,일탈여행 : 프라이빗 아일랜드,(주)팝엔터테인먼트,드라마,90,청소년 관람불가,한상희,0.0,0,29,3,2013,08,29,1,1,0.0,625689.7918552036,364181.32843137253,3460
30,로맨틱 헤븐,시네마서비스,드라마,117,12세 관람가,장진,36864.5,0,369,7,2011,03,24,0,2,73729.0,625689.7918552036,844980.9019607843,73729
31,겨울나비,웃기씨네,드라마,90,15세 관람가,김규민,0.0,0,71,2,2011,07,07,1,1,0.0,625689.7918552036,1247518.6435643565,521
32,다이노 타임,CJ 엔터테인먼트,애니메이션,85,전체 관람가,최윤석,0.0,0,10,8,2015,04,30,0,1,0.0,181926.66666666666,135100.45652173914,285084
33,물 없는 바다,인디스토리,멜로/로맨스,88,15세 관람가,김관철,0.0,0,9,2,2011,12,08,1,1,0.0,425968.03846153844,1247518.6435643565,390
34,오싹한 연애,CJ 엔터테인먼트,멜로/로맨스,114,12세 관람가,황인호,683213.333333333,3,324,2,2011,12,01,1,3,1947974.833333333,425968.03846153844,844980.9019607843,3009406
35,마이 페어 웨딩,영화사 진진,다큐멘터리,94,12세 관람가,장희선,0.0,0,2,2,2015,06,04,0,1,0.0,67172.25806451614,844980.9019607843,4586
36,원나잇 온리,(주)레인보우 팩토리,드라마,67,청소년 관람불가,김조광수,0.0,0,1,5,2014,07,03,1,1,0.0,625689.7918552036,364181.32843137253,2923
37,일대일,김기덕 필름,드라마,122,청소년 관람불가,김기덕,0.0,0,135,2,2014,05,22,0,1,0.0,625689.7918552036,364181.32843137253,10142
38,하늘의 황금마차,영화사 진진,드라마,84,12세 관람가,오멸,0.0,0,96,5,2014,09,04,1,1,0.0,625689.7918552036,844980.9019607843,2703
39,러브픽션,NEW,멜로/로맨스,121,15세 관람가,전계수,8052.5,2,315,2,2012,02,29,0,3,16105.0,425968.03846153844,1247518.6435643565,1726227
40,불타는 내 마음,CJ CGV,멜로/로맨스,95,15세 관람가,최원섭,0.0,0,95,2,2010,03,25,0,1,0.0,425968.03846153844,1247518.6435643565,9089
41,끝과 시작,롯데엔터테인먼트,멜로/로맨스,87,청소년 관람불가,민규동,4598985.0,1,182,3,2013,04,04,0,2,4598985.0,425968.03846153844,364181.32843137253,38809
42,7월 32일,동국대학교 충무로영상제작센터,드라마,96,청소년 관람불가,진승현,371.0,0,10,4,2010,04,22,0,2,742.0,625689.7918552036,364181.32843137253,742
43,청춘학당 : 풍기문란 보쌈 야사,BoXoo 엔터테인먼트,멜로/로맨스,90,청소년 관람불가,도창훈,0.0,0,100,4,2014,03,27,0,1,0.0,425968.03846153844,364181.32843137253,3772
44,부당거래,CJ 엔터테인먼트,느와르,119,청소년 관람불가,류승완,0.0,0,471,4,2010,10,28,0,1,0.0,2263695.111111111,364181.32843137253,2723028
45,콘돌은 날아간다,(주)마운틴픽쳐스,드라마,102,청소년 관람불가,전수일,984.0,1,23,3,2013,05,30,0,4,2952.0,625689.7918552036,364181.32843137253,1209
46,페어 러브,CJ 엔터테인먼트,드라마,117,12세 관람가,신연식,0.0,0,106,2,2010,01,14,1,1,0.0,625689.7918552036,844980.9019607843,27083
47,극적인 하룻밤,CGV 아트하우스,멜로/로맨스,107,청소년 관람불가,하기호,0.0,0,368,4,2015,12,03,1,1,0.0,425968.03846153844,364181.32843137253,321641
48,빅매치,(주)NEW,액션,112,15세 관람가,최호,1159954.0,2,600,4,2014,11,26,0,2,1159954.0,2203974.0714285714,1247518.6435643565,1177435
49,극장판 뛰뛰빵빵 구조대 미션: 둥둥이를 구하라!,메가박스(주)플러스엠,애니메이션,80,전체 관람가,방형우,0.0,0,44,3,2014,08,07,1,1,0.0,181926.66666666666,135100.45652173914,21939
50,황구,골든타이드픽처스,코미디,87,전체 관람가,박용집,695201.5,2,140,3,2014,10,16,0,3,1390403.0,1193914.0,135100.45652173914,72
51,워킹걸,메가박스(주)플러스엠,코미디,112,청소년 관람불가,정범식,583770.0,3,315,3,2015,01,07,1,2,583770.0,1193914.0,364181.32843137253,151550
52,나의 선택 - 잊혀진 가방 그 못다한 이야기,파이오니아21,다큐멘터리,84,전체 관람가,김상철,16519.75,0,20,10,2010,07,29,1,2,33039.5,67172.25806451614,135100.45652173914,15687
53,에스엠타운 더 스테이지,디 씨드,다큐멘터리,107,전체 관람가,배성상,0.0,0,9,11,2015,08,13,1,1,0.0,67172.25806451614,135100.45652173914,35857
54,미조,(주)마운틴픽쳐스,드라마,72,청소년 관람불가,남기웅,427.0,2,107,2,2014,10,02,0,3,854.0,625689.7918552036,364181.32843137253,112
55,원더풀 라디오,(주)쇼박스,드라마,120,15세 관람가,권칠인,75740.0,1,279,2,2012,01,05,1,3,151480.0,625689.7918552036,1247518.6435643565,986287
56,막걸스,드림팩트 엔터테인먼트,코미디,103,15세 관람가,김기영,0.0,0,125,8,2015,05,21,0,1,0.0,1193914.0,1247518.6435643565,2410
57,미궁: 비밀애,(주) 케이알씨지,멜로/로맨스,69,청소년 관람불가,조조 히데오,0.0,0,1,4,2015,04,23,0,1,0.0,425968.03846153844,364181.32843137253,514
58,파괴된 사나이,시너지,공포,114,청소년 관람불가,우민호,1326453.625,0,290,5,2010,07,01,1,4,5305814.5,590832.5238095238,364181.32843137253,1012310
59,친구 2,롯데엔터테인먼트,느와르,124,청소년 관람불가,곽경택,372863.0,2,319,3,2013,11,14,0,2,372863.0,2263695.111111111,364181.32843137253,2971475
60,              개를 훔치는 완벽한 방법,리틀빅픽처스,드라마,109,전체 관람가,김성호,495535.0,1,292,8,2014,12,31,1,2,495535.0,625689.7918552036,135100.45652173914,306642
61,청춘정담,디마엔터테인먼트,멜로/로맨스,97,15세 관람가,문인수,874146.666666667,3,67,4,2013,11,21,0,2,874146.666666667,425968.03846153844,1247518.6435643565,484
62,이방인들,판다미디어,드라마,127,12세 관람가,최용석,0.0,0,24,3,2012,05,10,0,1,0.0,625689.7918552036,844980.9019607843,432
63,간첩,롯데엔터테인먼트,드라마,115,15세 관람가,우민호,1012310.0,1,372,5,2012,09,20,1,4,5305814.5,625689.7918552036,1247518.6435643565,1310895
64,그 참을 수 없는 맛,(주) 케이알씨지,드라마,74,청소년 관람불가,이지형,0.0,0,5,3,2014,07,09,1,1,0.0,625689.7918552036,364181.32843137253,1697
65,도리화가,CJ 엔터테인먼트,드라마,109,12세 관람가,이종필,385977.5,2,519,3,2015,11,25,0,3,771955.0,625689.7918552036,844980.9019607843,317505
66,의뢰인,(주)쇼박스,드라마,123,15세 관람가,손영성,39555.0,1,68,3,2011,09,29,1,2,39555.0,625689.7918552036,1247518.6435643565,2393103
67,열정같은소리하고있네,(주)NEW,드라마,106,15세 관람가,정기훈,1502930.25,4,341,2,2015,11,25,0,3,2681571.58333333,625689.7918552036,1247518.6435643565,654407
68,화끈한 써비스: 어느 잔인한 미용사의,골든타이드픽처스,드라마,72,청소년 관람불가,남기웅,427.0,2,80,2,2015,01,29,1,3,854.0,625689.7918552036,364181.32843137253,148
69,세상끝의 사랑,(주)스톰픽쳐스코리아,멜로/로맨스,100,청소년 관람불가,김인식,115412.666666667,3,132,2,2015,11,12,0,2,115412.666666667,425968.03846153844,364181.32843137253,4746
70,어디로 갈까요?,(주)마운틴픽쳐스,멜로/로맨스,97,청소년 관람불가,진승현,742.0,1,59,4,2013,05,16,0,2,742.0,425968.03846153844,364181.32843137253,488
71,완전 소중한 사랑,(주)마운틴픽쳐스,멜로/로맨스,118,12세 관람가,김진민,20196.0,2,130,2,2013,11,21,0,2,20196.0,425968.03846153844,844980.9019607843,20303
72,사물의 비밀,(주)예지림 엔터테인먼트,멜로/로맨스,112,청소년 관람불가,이영미,0.0,0,110,5,2011,11,17,0,1,0.0,425968.03846153844,364181.32843137253,8757
73,청포도 사탕: 17년 전의 약속,(주)마운틴픽쳐스,미스터리,104,15세 관람가,김희정,6053.0,1,17,4,2012,09,06,1,2,6053.0,527548.1764705882,1247518.6435643565,1637
74,아저씨,CJ 엔터테인먼트,액션,119,청소년 관람불가,이정범,0.0,0,509,2,2010,08,04,1,1,0.0,2203974.0714285714,364181.32843137253,6178665
75,원 오브 어 카인드 3D,골든타이드픽처스,뮤지컬,93,전체 관람가,손석,8422.0,0,0,1,2013,10,31,0,2,16844.0,6627.0,135100.45652173914,8083
76,사랑이 무서워,롯데엔터테인먼트,멜로/로맨스,112,15세 관람가,정우철,5849451.0,3,310,2,2011,03,10,0,2,5849451.0,425968.03846153844,1247518.6435643565,402876
77,검은손,(주)스톰픽쳐스코리아,공포,96,청소년 관람불가,박재식,1715370.0,1,108,2,2015,04,16,0,2,1715370.0,590832.5238095238,364181.32843137253,11650
78,덕수리 5형제,롯데엔터테인먼트,코미디,102,15세 관람가,전형준,674787.666666667,3,309,6,2014,12,04,1,2,674787.666666667,1193914.0,1247518.6435643565,210775
79,별일아니다,(주) 영화사조제,드라마,124,15세 관람가,김상석,809.0,1,12,2,2014,02,13,0,2,809.0,625689.7918552036,1247518.6435643565,236
80,바비,(주) 케이알씨지,드라마,116,15세 관람가,에밀리오 에스테베즈,0.0,0,19,25,2010,02,04,0,1,0.0,625689.7918552036,1247518.6435643565,2821
81,심야의 FM,롯데엔터테인먼트,공포,106,청소년 관람불가,김상만,1205200.25,4,344,2,2010,10,14,0,2,1205200.25,590832.5238095238,364181.32843137253,1208310
82,만추,보람엔터테인먼트,드라마,115,15세 관람가,김태용,2037.0,0,204,2,2011,02,17,0,2,4074.0,625689.7918552036,1247518.6435643565,849635
83,레인보우,인디스토리,드라마,91,12세 관람가,신수원,385849.5,0,74,4,2010,11,18,0,2,771699.0,625689.7918552036,844980.9019607843,2775
84,더 파이브,CJ 엔터테인먼트,공포,123,청소년 관람불가,정연식,0.0,0,174,7,2013,11,14,0,1,0.0,590832.5238095238,364181.32843137253,731212
85,두 개의 선,(주)시네마달,다큐멘터리,82,15세 관람가,지민,0.0,0,15,2,2012,02,09,0,1,0.0,67172.25806451614,1247518.6435643565,2296
86,반창꼬,(주)NEW,드라마,120,15세 관람가,정기훈,1178641.33333333,3,264,2,2012,12,19,1,3,2681571.58333333,625689.7918552036,1247518.6435643565,2475797
87,먹이사슬,노바엔터테인먼트,멜로/로맨스,100,청소년 관람불가,한동호,0.0,0,0,6,2014,09,17,1,1,0.0,425968.03846153844,364181.32843137253,2070
88,야누스: 욕망의 두 얼굴,(주)패스파인더씨앤씨,미스터리,83,청소년 관람불가,손영국,332.0,1,0,3,2014,08,14,1,2,332.0,527548.1764705882,364181.32843137253,4122
89,거짓말,(주)대명문화공장,드라마,98,청소년 관람불가,김동명,7763.0,1,72,2,2015,10,29,0,2,7763.0,625689.7918552036,364181.32843137253,5212
90,인간중독,NEW,드라마,132,청소년 관람불가,김대우,1322801.0,4,379,4,2014,05,14,0,3,2091350.333333333,625689.7918552036,364181.32843137253,1441990
91,무적자,CJ 엔터테인먼트,액션,124,15세 관람가,송해성,1163526.33333333,3,546,4,2010,09,16,1,3,2422704.08333333,2203974.0714285714,1247518.6435643565,1546132
92,두 번의 결혼식과 한 번의 장례식,영화사 진진,코미디,106,15세 관람가,김조광수,0.0,0,155,4,2012,06,21,0,1,0.0,1193914.0,1247518.6435643565,51120
93,화창한 그날들,(주)온비즈넷,공포,90,청소년 관람불가,방현준,0.0,0,12,3,2014,03,14,0,1,0.0,590832.5238095238,364181.32843137253,310
94,렛 미 아웃,백두대간,드라마,97,12세 관람가,소재영,922680.0,1,29,2,2013,08,15,1,2,922680.0,625689.7918552036,844980.9019607843,1040
95,경복,KT&G 상상마당,드라마,69,15세 관람가,최시형,0.0,0,17,2,2013,07,11,1,1,0.0,625689.7918552036,1247518.6435643565,651
96,잉투기,무비꼴라쥬,액션,98,15세 관람가,엄태화,0.0,0,65,3,2013,11,14,0,1,0.0,2203974.0714285714,1247518.6435643565,17341
97,사이비,NEW,애니메이션,100,청소년 관람불가,연상호,0.0,0,136,4,2013,11,21,0,1,0.0,181926.66666666666,364181.32843137253,22525
98,두 개의 달,롯데엔터테인먼트,미스터리,86,15세 관람가,김동빈,321.0,1,167,4,2012,07,12,1,2,321.0,527548.1764705882,1247518.6435643565,426706
99,신이 보낸 사람,(주)마운틴픽쳐스,드라마,112,15세 관람가,김진무,0.0,0,138,1,2014,02,13,0,1,0.0,625689.7918552036,1247518.6435643565,424778
100,26년,인벤트 디,액션,135,15세 관람가,조근현,2636385.0,1,365,3,2012,11,29,0,3,5436403.5,2203974.0714285714,1247518.6435643565,2963652
101,관상,(주)쇼박스,드라마,139,15세 관람가,한재림,1242778.0,2,298,6,2013,09,11,1,2,1242778.0,625689.7918552036,1247518.6435643565,9135806
102,비념,인디스토리,다큐멘터리,93,15세 관람가,임흥순,0.0,0,21,2,2013,04,03,0,1,0.0,67172.25806451614,1247518.6435643565,2344
103,퇴마: 무녀굴,씨네그루(주)키다리이엔티,공포,105,15세 관람가,김휘,2043525.6,5,360,6,2015,08,20,1,3,4472744.93333333,590832.5238095238,1247518.6435643565,120806
104,풍산개,(주)NEW,드라마,121,청소년 관람불가,전재홍,89858.0,1,95,2,2011,06,23,0,3,491855.0,625689.7918552036,364181.32843137253,714136
105,맨홀,롯데엔터테인먼트,공포,101,청소년 관람불가,신재영,0.0,0,350,3,2014,10,08,0,1,0.0,590832.5238095238,364181.32843137253,133665
106,봄,스튜디오후크,드라마,102,청소년 관람불가,조근현,2800018.5,2,216,3,2014,11,20,0,3,5436403.5,625689.7918552036,364181.32843137253,14780
107,미국의 바람과 불,시네마 달,다큐멘터리,118,15세 관람가,김경만,0.0,0,6,0,2012,07,26,1,1,0.0,67172.25806451614,1247518.6435643565,652
108,레드마리아,시네마 달,다큐멘터리,98,15세 관람가,경순,10393.5,2,4,10,2012,04,26,0,2,10393.5,67172.25806451614,1247518.6435643565,2119
109,카페 서울,나이너스엔터테인먼트(주),드라마,94,12세 관람가,타케 마사하루,0.0,0,41,2,2010,01,02,1,1,0.0,625689.7918552036,844980.9019607843,353
110,차형사,CJ 엔터테인먼트,코미디,110,15세 관람가,신태라,1322196.0,1,391,5,2012,05,30,0,2,1322196.0,1193914.0,1247518.6435643565,1346754
111,여행,스폰지,드라마,148,전체 관람가,배창호,0.0,0,61,6,2010,05,20,0,1,0.0,625689.7918552036,135100.45652173914,485
112,범죄와의 전쟁: 나쁜놈들 전성시대,(주)쇼박스,느와르,133,청소년 관람불가,윤종빈,719587.0,1,308,2,2012,02,02,0,2,719587.0,2263695.111111111,364181.32843137253,4720050
113,"열여덟, 열아홉",(주)키노아이,멜로/로맨스,94,15세 관람가,배광수,817317.666666667,3,96,5,2012,03,01,0,2,817317.666666667,425968.03846153844,1247518.6435643565,1501
114,무명인,롯데엔터테인먼트,미스터리,120,15세 관람가,김성수,20.0,1,262,2,2014,05,29,0,3,92.5,527548.1764705882,1247518.6435643565,3199
115,북촌방향,(주) 영화사조제,드라마,79,청소년 관람불가,홍상수,19658.5,0,55,5,2011,09,08,1,2,39317.0,625689.7918552036,364181.32843137253,46212
116,오늘의 연애,CJ 엔터테인먼트,멜로/로맨스,118,15세 관람가,박진표,1702621.66666667,3,397,4,2015,01,14,1,2,1702621.66666667,425968.03846153844,1247518.6435643565,1892125
117,그 사람 그 사랑 그 세상,THE 픽쳐스,다큐멘터리,82,전체 관람가,권혁만,0.0,0,1,4,2014,11,20,0,1,0.0,67172.25806451614,135100.45652173914,42337
118,라스트 갓파더,영구아트무비,코미디,103,12세 관람가,심형래,7855474.0,1,31,5,2010,12,29,1,2,7855474.0,1193914.0,844980.9019607843,2541603
119,소녀괴담,리틀빅픽쳐스,공포,90,15세 관람가,오인천,0.0,0,268,2,2014,07,02,1,1,0.0,590832.5238095238,1247518.6435643565,481707
120,미스진은 예쁘다,어뮤즈,드라마,98,12세 관람가,장희철,0.0,0,13,2,2013,03,14,0,1,0.0,625689.7918552036,844980.9019607843,2186
121,개똥이,(주)마운틴픽쳐스,드라마,81,청소년 관람불가,김병준,467697.0,1,34,5,2013,09,05,1,2,467697.0,625689.7918552036,364181.32843137253,831
122,변호인,(주)NEW,드라마,127,15세 관람가,양우석,0.0,0,311,5,2013,12,18,1,1,0.0,625689.7918552036,1247518.6435643565,11374879
123,아빠를 빌려드립니다,메가박스(주)플러스엠,드라마,112,12세 관람가,김덕수,1595962.33333333,3,295,5,2014,11,20,0,2,1595962.33333333,625689.7918552036,844980.9019607843,172652
124,역린,롯데엔터테인먼트,드라마,135,15세 관람가,이재규,201.0,1,650,5,2014,04,30,0,2,201.0,625689.7918552036,1247518.6435643565,3849696
125,하쿠나 마타타 - 지라니 이야기,이모션 픽처스,다큐멘터리,90,전체 관람가,이창규,0.0,0,0,6,2010,12,09,1,1,0.0,67172.25806451614,135100.45652173914,1253
126,"울지마, 톤즈",(주)마운틴픽쳐스,다큐멘터리,91,전체 관람가,구수환,0.0,0,1,2,2010,09,09,1,1,0.0,67172.25806451614,135100.45652173914,444327
127,심장이 뛰네,(주)키노아이,드라마,105,청소년 관람불가,허은희,0.0,0,50,5,2011,07,28,1,1,0.0,625689.7918552036,364181.32843137253,677
128,조선명탐정 : 각시투구꽃의 비밀,쇼박스(주)미디어플렉스,코미디,115,12세 관람가,김석윤,0.0,0,335,3,2011,01,27,1,1,0.0,1193914.0,844980.9019607843,4786259
129,기생령,(주)이스트스카이필름,공포,92,청소년 관람불가,고석진,0.0,0,88,4,2011,08,05,1,1,0.0,590832.5238095238,364181.32843137253,96992
130,고녀석 맛나겠다2 : 함께라서 행복해,리틀빅픽처스,애니메이션,80,전체 관람가,최경석,0.0,0,5,10,2015,07,29,1,1,0.0,181926.66666666666,135100.45652173914,56105
131,피에타,(주)NEW,드라마,104,청소년 관람불가,김기덕,0.0,0,119,2,2012,09,06,1,1,0.0,625689.7918552036,364181.32843137253,603283
132,나의 독재자,롯데엔터테인먼트,드라마,127,15세 관람가,이해준,604486.0,5,459,2,2014,10,30,0,2,604486.0,625689.7918552036,1247518.6435643565,386074
133,심도,CJ 엔터테인먼트,드라마,121,청소년 관람불가,하마구치 류스케,0.0,0,92,4,2011,03,17,0,1,0.0,625689.7918552036,364181.32843137253,74
134,이별계약,CJ 엔터테인먼트,드라마,103,12세 관람가,오기환,331574.5,2,6,3,2013,06,20,0,2,331574.5,625689.7918552036,844980.9019607843,18343
135,방가? 방가!,시너지,코미디,110,12세 관람가,육상효,703507.0,1,238,7,2010,09,30,1,3,1541476.0,1193914.0,844980.9019607843,972431
136,아버지의 이메일,인디스토리,다큐멘터리,90,12세 관람가,홍재희,0.0,0,47,4,2014,04,24,0,1,0.0,67172.25806451614,844980.9019607843,4343
137,죽이고 싶은,롯데엔터테인먼트,공포,92,청소년 관람불가,조원희,0.0,0,252,2,2010,08,26,1,1,0.0,590832.5238095238,364181.32843137253,130784
138,거인,필라멘트 픽쳐스,드라마,108,12세 관람가,김태용,4074.0,2,244,3,2014,11,13,0,2,4074.0,625689.7918552036,844980.9019607843,24020
139,고지전,(주)쇼박스,액션,133,15세 관람가,장훈,2266504.33333333,3,238,11,2011,07,20,1,2,2266504.33333333,2203974.0714285714,1247518.6435643565,2945151
140,미나문방구,롯데엔터테인먼트,드라마,106,전체 관람가,정익환,752976.0,2,243,2,2013,05,16,0,2,752976.0,625689.7918552036,135100.45652173914,334323
141,하이프 네이션 : 힙합사기꾼,인벤트 디,느와르,84,청소년 관람불가,박형우,0.0,0,6,3,2014,01,16,1,1,0.0,2263695.111111111,364181.32843137253,3996
142,Mr.아이돌,시너지,드라마,114,12세 관람가,라희찬,1648547.0,3,485,3,2011,11,03,0,2,1648547.0,625689.7918552036,844980.9019607843,74261
143,시선,나이너스엔터테인먼트(주),드라마,89,12세 관람가,이장호,146455.666666667,3,106,1,2014,04,16,0,2,146455.666666667,625689.7918552036,844980.9019607843,12950
144,어우동: 주인 없는 꽃,조이앤컨텐츠그룹,멜로/로맨스,101,청소년 관람불가,이수성,10692.6666666667,3,29,5,2015,01,29,1,3,22270.1666666667,425968.03846153844,364181.32843137253,13240
145,돼지의 왕,KT&G 상상마당,애니메이션,96,청소년 관람불가,연상호,0.0,0,82,5,2011,11,03,0,1,0.0,181926.66666666666,364181.32843137253,19896
146,통증,롯데엔터테인먼트,드라마,104,15세 관람가,곽경택,186431.5,0,351,3,2011,09,07,1,2,372863.0,625689.7918552036,1247518.6435643565,700272
147,정글피쉬2,(주)마운틴픽쳐스,드라마,101,15세 관람가,김정환,0.0,0,111,5,2011,03,03,0,1,0.0,625689.7918552036,1247518.6435643565,335
148,소셜포비아,CGV아트하우스,공포,102,15세 관람가,홍석재,17341.0,1,208,10,2015,03,12,0,2,17341.0,590832.5238095238,1247518.6435643565,251551
149,못,(주)마운틴픽쳐스,드라마,109,15세 관람가,서호빈,0.0,0,118,4,2014,11,20,0,1,0.0,625689.7918552036,1247518.6435643565,2386
150,완벽한 파트너,타임스토리그룹,코미디,120,청소년 관람불가,박헌수,0.0,0,60,4,2011,11,17,0,1,0.0,1193914.0,364181.32843137253,90370
151,희망의 별 - 이퀘지레템바,마운틴 픽처스,다큐멘터리,85,전체 관람가,이홍석,59648.5,2,1,2,2010,10,07,0,2,59648.5,67172.25806451614,135100.45652173914,1298
152,귀접,(주)휘엔터테인먼트,드라마,84,청소년 관람불가,이현철,176079.5,2,56,4,2014,05,29,0,2,176079.5,625689.7918552036,364181.32843137253,228
153,첫사랑 열전,웃기씨네,멜로/로맨스,114,15세 관람가,박범훈,0.0,0,136,7,2010,05,05,0,1,0.0,425968.03846153844,1247518.6435643565,408
154,우리는 그곳에 있었다,(주)마운틴픽쳐스,다큐멘터리,82,전체 관람가,박준기,0.0,0,17,5,2013,07,18,1,1,0.0,67172.25806451614,135100.45652173914,1581
155,슈퍼스타,(주)마운틴픽쳐스,코미디,94,15세 관람가,임진순,0.0,0,17,2,2012,06,07,0,1,0.0,1193914.0,1247518.6435643565,1575
156,슬로우 비디오,이십세기폭스코리아(주),드라마,106,12세 관람가,김영탁,1764377.33333333,3,261,2,2014,10,02,0,3,3641376.0,625689.7918552036,844980.9019607843,1169546
157,챔프,(주)쇼박스,드라마,133,12세 관람가,이환경,819049.5,2,92,4,2011,09,07,1,3,1638099.0,625689.7918552036,844980.9019607843,535657
158,멋진 인생,(주) 영화사조제,뮤지컬,100,12세 관람가,신춘수,0.0,0,4,4,2011,06,09,0,1,0.0,6627.0,844980.9019607843,3089
159,나도 때론 포르노그라피의 주인공이고 싶다,(주)피터팬픽쳐스,멜로/로맨스,82,청소년 관람불가,장성수,846903.0,1,1,2,2015,11,12,0,2,846903.0,425968.03846153844,364181.32843137253,961
160,어쿠스틱,(주)키노아이,드라마,88,12세 관람가,유상헌,45442.0,1,136,5,2010,10,28,0,2,45442.0,625689.7918552036,844980.9019607843,7908
161,아부의 왕,롯데엔터테인먼트,코미디,118,15세 관람가,정승구,1604439.0,1,260,6,2012,06,21,0,2,1604439.0,1193914.0,1247518.6435643565,497880
162,설지,BoXoo 엔터테인먼트,드라마,97,12세 관람가,박진순,122238.333333333,3,51,3,2015,11,26,0,2,122238.333333333,625689.7918552036,844980.9019607843,380
163,그리움의 종착역,에스와이코마드,다큐멘터리,99,전체 관람가,조성형,0.0,0,2,6,2012,05,24,0,1,0.0,67172.25806451614,135100.45652173914,163
164,지금은맞고그때는틀리다,(주)NEW,드라마,121,청소년 관람불가,홍상수,39317.0,1,16,2,2015,09,24,1,2,39317.0,625689.7918552036,364181.32843137253,80734
165,그리울 련,(주)더픽쳐스,SF,84,12세 관람가,한철수,0.0,0,34,3,2015,08,13,1,1,0.0,1788345.6923076923,844980.9019607843,429
166,7광구,CJ E&M 영화부문,SF,112,15세 관람가,김지훈,3640579.0,2,59,5,2011,08,04,1,3,6489666.5,1788345.6923076923,1247518.6435643565,2242510
167,모래가 흐르는 강,시네마 달,다큐멘터리,75,전체 관람가,지율스님,0.0,0,11,0,2013,03,28,0,1,0.0,67172.25806451614,135100.45652173914,10942
168,망대,골든타이드픽처스,다큐멘터리,66,전체 관람가,문승욱,0.0,0,13,0,2015,03,12,0,1,0.0,67172.25806451614,135100.45652173914,65
169,아이들...,롯데엔터테인먼트,느와르,132,15세 관람가,이규만,0.0,0,423,5,2011,02,17,0,1,0.0,2263695.111111111,1247518.6435643565,1867849
170,폭풍전야,오퍼스픽쳐스,멜로/로맨스,104,청소년 관람불가,조창호,1047.0,1,239,2,2010,04,01,0,2,1047.0,425968.03846153844,364181.32843137253,51760
171,아일랜드 - 시간을 훔치는 섬,(주)고앤고 필름,미스터리,107,15세 관람가,박진성,322708.5,2,6,2,2015,11,26,0,2,322708.5,527548.1764705882,1247518.6435643565,948
172,들꽃,인디플러그,드라마,114,청소년 관람불가,박석영,0.0,0,53,5,2015,11,05,0,1,0.0,625689.7918552036,364181.32843137253,1295
173,법정스님의 의자,(주)키노아이,다큐멘터리,75,전체 관람가,임성구,4719.0,0,0,2,2011,05,12,0,2,9438.0,67172.25806451614,135100.45652173914,9438
174,위험한 상견례 2,롯데엔터테인먼트,멜로/로맨스,119,15세 관람가,김진영,809760.8,5,372,5,2015,04,29,0,2,809760.8,425968.03846153844,1247518.6435643565,472695
175,악인은 너무 많다,어뮤즈,느와르,75,청소년 관람불가,김회근,1681556.0,2,26,4,2011,12,15,1,2,1681556.0,2263695.111111111,364181.32843137253,809
176,여덟 번의 감정,스폰지,드라마,91,15세 관람가,성지혜,38.5,2,83,3,2010,09,30,1,2,38.5,625689.7918552036,1247518.6435643565,933
177,90분,사람과 사람들,공포,94,청소년 관람불가,박선욱,0.0,0,55,2,2012,08,23,1,1,0.0,590832.5238095238,364181.32843137253,42
178,조선명탐정 : 사라진 놉의 딸,(주)쇼박스,코미디,125,12세 관람가,김석윤,0.0,0,456,3,2015,02,11,0,1,0.0,1193914.0,844980.9019607843,3872015
179,응징자,인벤트 디,액션,103,청소년 관람불가,신재호,44448.5,2,151,3,2013,10,30,0,5,273400.5,2203974.0714285714,364181.32843137253,192347
180,내 깡패 같은 애인,(주)JK필름,코미디,105,15세 관람가,김광식,0.0,0,326,2,2010,05,20,0,1,0.0,1193914.0,1247518.6435643565,688639
181,결혼전야,씨너스엔터테인먼트(주),멜로/로맨스,118,15세 관람가,홍지영,661220.5,2,224,9,2013,11,21,0,2,661220.5,425968.03846153844,1247518.6435643565,1214839
182,혈투,KT,액션,111,15세 관람가,박훈정,2270048.5,2,306,3,2011,02,24,0,3,4540097.0,2203974.0714285714,1247518.6435643565,43947
183,고사 두 번째 이야기: 교생실습,NEW,공포,84,15세 관람가,유선동,574101.0,2,307,5,2010,07,28,1,2,574101.0,590832.5238095238,1247518.6435643565,857038
184,그랑프리,KT,드라마,109,12세 관람가,양윤호,0.0,0,358,2,2010,09,16,1,1,0.0,625689.7918552036,844980.9019607843,167024
185,파닥파닥,인디스토리,애니메이션,78,12세 관람가,이대희,0.0,0,2,6,2012,07,25,1,1,0.0,181926.66666666666,844980.9019607843,13429
186,나탈리,롯데엔터테인먼트,멜로/로맨스,88,청소년 관람불가,주경중,17.0,1,214,4,2010,10,28,0,2,17.0,425968.03846153844,364181.32843137253,94875
187,잠 못 드는 밤,인디스토리,드라마,65,청소년 관람불가,장건재,0.0,0,30,2,2013,05,30,0,1,0.0,625689.7918552036,364181.32843137253,2270
188,권법형사 : 차이나타운,골든타이드픽처스,액션,83,청소년 관람불가,박상현,0.0,0,151,2,2015,07,09,1,1,0.0,2203974.0714285714,364181.32843137253,257
189,명왕성,싸이더스FNH,드라마,107,15세 관람가,신수원,771699.0,1,129,3,2013,07,11,1,2,771699.0,625689.7918552036,1247518.6435643565,16866
190,부러진 화살,(주)NEW,드라마,100,15세 관람가,정지영,0.0,0,207,4,2012,01,18,1,1,0.0,625689.7918552036,1247518.6435643565,3460212
191,꾸루꾸루와 친구들: 무지개 나무의 비밀,(주)팝엔터테인먼트,애니메이션,74,전체 관람가,문제대,0.0,0,0,4,2015,11,19,0,1,0.0,181926.66666666666,135100.45652173914,7408
192,레드카펫,(주)프레인글로벌,멜로/로맨스,117,15세 관람가,박범수,0.0,0,270,2,2014,10,23,0,1,0.0,425968.03846153844,1247518.6435643565,316955
193,러브멘토,나우콘텐츠,멜로/로맨스,74,청소년 관람불가,신혜성,1556.0,1,0,2,2014,04,17,0,2,1556.0,425968.03846153844,364181.32843137253,54
194,미션스쿨,홀리가든,드라마,62,12세 관람가,강의석,0.0,0,3,2,2015,10,15,0,1,0.0,625689.7918552036,844980.9019607843,152
195,쥬로링 동물탐정 극장판,롯데엔터테인먼트,애니메이션,75,전체 관람가,이종현,0.0,0,200,6,2014,12,18,1,1,0.0,181926.66666666666,135100.45652173914,25391
196,사토미를 찾아라,(주) 브릿지웍스,코미디,88,청소년 관람불가,New Pistol,0.0,0,48,8,2014,10,16,0,1,0.0,1193914.0,364181.32843137253,2595
197,만신,(주)엣나인필름,다큐멘터리,104,15세 관람가,박찬경,0.0,0,227,4,2014,03,06,0,1,0.0,67172.25806451614,1247518.6435643565,36535
198,18: 우리들의 성장 느와르,어뮤즈,느와르,104,청소년 관람불가,한윤선,35348.0,1,126,3,2014,08,14,1,2,35348.0,2263695.111111111,364181.32843137253,1124
199,시티 오브 크레인,위더스필름,드라마,95,12세 관람가,문승욱,0.0,0,65,3,2010,05,06,0,1,0.0,625689.7918552036,844980.9019607843,90
200,돌연변이,필라멘트 픽쳐스,드라마,93,12세 관람가,권오광,0.0,0,282,3,2015,10,22,0,1,0.0,625689.7918552036,844980.9019607843,100543
201,강남 1970,(주)쇼박스,액션,135,청소년 관람불가,유하,1949111.0,4,719,3,2015,01,21,1,3,4010407.66666667,2203974.0714285714,364181.32843137253,2192276
202,사랑해! 진영아,인디스토리,드라마,102,15세 관람가,이성은,7.0,1,112,5,2013,11,07,0,2,7.0,625689.7918552036,1247518.6435643565,4941
203,논픽션 다이어리,영화사 진진,다큐멘터리,93,15세 관람가,정윤석,891.0,1,43,8,2014,07,17,1,2,891.0,67172.25806451614,1247518.6435643565,6389
204,다이빙벨: 진실은 침몰하지 않습니다,시네마달,다큐멘터리,77,15세 관람가,이상호,0.0,0,35,1,2014,10,23,0,1,0.0,67172.25806451614,1247518.6435643565,50308
205,소중한 날의 꿈,(주)에이원 엔터테인먼트,애니메이션,98,전체 관람가,안재훈,26617.5,0,5,6,2011,06,23,0,2,53235.0,181926.66666666666,135100.45652173914,53235
206,또 하나의 약속,OAL(올),드라마,120,12세 관람가,김태윤,1029415.66666667,3,71,6,2014,02,06,0,2,1029415.66666667,625689.7918552036,844980.9019607843,497994
207,소규모 아카시아 밴드 이야기,이모션 픽처스,다큐멘터리,90,12세 관람가,민환기,0.0,0,18,7,2010,01,14,1,1,0.0,67172.25806451614,844980.9019607843,791
208,하녀,싸이더스,공포,106,청소년 관람불가,임상수,285381.0,1,302,4,2010,05,13,0,3,1561861.0,590832.5238095238,364181.32843137253,2267579
209,이끼,시네마서비스,드라마,163,청소년 관람불가,강우석,422410.5,0,353,8,2010,07,14,1,2,844821.0,625689.7918552036,364181.32843137253,3350311
210,살인재능,인디스토리,공포,103,청소년 관람불가,전재홍,401997.0,2,111,2,2015,07,30,1,3,491855.0,590832.5238095238,364181.32843137253,1536
211,한여름의 판타지아,인디스토리,드라마,97,전체 관람가,장건재,0.0,0,7,3,2015,06,11,0,1,0.0,625689.7918552036,135100.45652173914,36841
212,땅의 여자,시네마 달,다큐멘터리,95,전체 관람가,권우정,0.0,0,7,3,2010,09,09,1,1,0.0,67172.25806451614,135100.45652173914,2418
213,세계일주,타임스토리그룹,SF,91,12세 관람가,이항배,358299.0,1,92,3,2015,03,26,0,2,358299.0,1788345.6923076923,844980.9019607843,4449
214,초능력자,(주)NEW,SF,114,15세 관람가,김민석,8801639.0,2,500,3,2010,11,10,0,2,8801639.0,1788345.6923076923,1247518.6435643565,2130645
215,짓2: 붉은 낙타,드림팩트 엔터테인먼트,멜로/로맨스,84,청소년 관람불가,노진수,0.0,0,44,3,2015,08,06,1,1,0.0,425968.03846153844,364181.32843137253,808
216,나비와 바다,시네마 달,다큐멘터리,89,12세 관람가,박배일,0.0,0,6,2,2013,01,24,1,1,0.0,67172.25806451614,844980.9019607843,1240
217,함정,인벤트 디,공포,96,청소년 관람불가,권형진,462623.0,1,156,4,2015,09,10,1,3,925246.0,590832.5238095238,364181.32843137253,257996
218,고령화 가족,CJ 엔터테인먼트,드라마,112,15세 관람가,송해성,1259177.75,4,310,5,2013,05,09,0,3,2422704.08333333,625689.7918552036,1247518.6435643565,1141222
219,집으로 가는 길,CJ 엔터테인먼트,드라마,131,15세 관람가,방은진,846582.0,2,343,2,2013,12,11,1,2,846582.0,625689.7918552036,1247518.6435643565,1854711
220,런닝맨,이십세기폭스코리아(주),액션,127,15세 관람가,조동오,473852.33333333296,3,307,5,2013,04,04,0,2,473852.33333333296,2203974.0714285714,1247518.6435643565,1422844
221,뽕똘,영화사 진진,코미디,90,12세 관람가,오멸,0.0,0,7,5,2011,08,25,1,1,0.0,1193914.0,844980.9019607843,1356
222,바다,(주)마운틴픽쳐스,드라마,98,12세 관람가,윤태식,0.0,0,17,3,2011,09,01,1,1,0.0,625689.7918552036,844980.9019607843,1198
223,다우더,어뮤즈,드라마,84,15세 관람가,구혜선,0.0,0,109,4,2014,11,06,0,1,0.0,625689.7918552036,1247518.6435643565,3789
224,"시바, 인생을 던져",인디플러그,드라마,98,15세 관람가,이성규,4611.0,1,11,4,2013,12,19,1,2,4611.0,625689.7918552036,1247518.6435643565,5105
225,생생활활,(주)팝엔터테인먼트,드라마,100,청소년 관람불가,박철수,0.0,0,38,6,2013,03,21,0,1,0.0,625689.7918552036,364181.32843137253,294
226,육혈포 강도단,전망좋은영화사,느와르,107,15세 관람가,강효진,37518.0,1,318,3,2010,03,18,0,2,37518.0,2263695.111111111,1247518.6435643565,1214237
227,나를 닮은 얼굴,영화사 진진,다큐멘터리,75,전체 관람가,태미 추,0.0,0,3,2,2010,09,30,1,1,0.0,67172.25806451614,135100.45652173914,893
228,회복,스토리셋,다큐멘터리,94,12세 관람가,김종철,0.0,0,54,1,2010,01,14,1,1,0.0,67172.25806451614,844980.9019607843,155281
229,메이드 인 차이나,김기덕 필름,드라마,100,청소년 관람불가,김동후,0.0,0,124,2,2015,06,25,0,1,0.0,625689.7918552036,364181.32843137253,419
230,이층의 악당,KT,코미디,115,15세 관람가,손재곤,2077590.0,1,428,2,2010,11,24,0,2,2077590.0,1193914.0,1247518.6435643565,596864
231,뒷담화: 감독이 미쳤어요,필라멘트 픽쳐스,드라마,85,12세 관람가,이재용,495068.5,2,173,14,2013,02,28,0,3,990137.0,625689.7918552036,844980.9019607843,5317
232,에일리언 비키니,인디스토리,SF,75,청소년 관람불가,오영두,430920.5,2,6,2,2011,08,25,1,3,861841.0,1788345.6923076923,364181.32843137253,1089
233,친애하는 지도자동지께,이상우필름,드라마,99,청소년 관람불가,이상우,0.0,0,40,3,2015,12,31,1,1,0.0,625689.7918552036,364181.32843137253,339
234,죽지않아,씨네굿필름,공포,107,청소년 관람불가,황철민,0.0,0,14,3,2013,08,08,1,1,0.0,590832.5238095238,364181.32843137253,1426
235,왕자가 된 소녀들,영희야놀자,다큐멘터리,79,전체 관람가,김혜정,0.0,0,18,6,2013,04,18,0,1,0.0,67172.25806451614,135100.45652173914,1806
236,꿍따리 유랑단,(주)키노아이,다큐멘터리,72,전체 관람가,김영진,0.0,0,3,7,2011,12,01,1,1,0.0,67172.25806451614,135100.45652173914,179
237,관계,(주) 브릿지웍스,멜로/로맨스,91,청소년 관람불가,김명서,0.0,0,57,3,2014,08,27,1,1,0.0,425968.03846153844,364181.32843137253,2146
238,미쓰 마마,찬란,다큐멘터리,82,15세 관람가,백연아,2914.0,1,0,4,2012,10,18,0,2,2914.0,67172.25806451614,1247518.6435643565,1526
239,개: dog eat dog,어썸 피플,느와르,101,청소년 관람불가,황욱,0.0,0,58,5,2015,03,05,0,1,0.0,2263695.111111111,364181.32843137253,1504
240,"씨, 베토벤",인디스토리,드라마,90,15세 관람가,민복기,0.0,0,34,4,2014,03,27,0,1,0.0,625689.7918552036,1247518.6435643565,842
241,곤충왕국 3D,골든타이드픽처스,다큐멘터리,85,전체 관람가,김진만,11871.0,1,1,3,2014,08,14,1,2,11871.0,67172.25806451614,135100.45652173914,11263
242,나는 나비,인디플러그,다큐멘터리,101,전체 관람가,정흠문,0.0,0,37,4,2010,12,02,1,1,0.0,67172.25806451614,135100.45652173914,4746
243,파티51,인디스토리,다큐멘터리,102,청소년 관람불가,정용택,0.0,0,41,7,2014,12,11,1,1,0.0,67172.25806451614,364181.32843137253,2788
244,그대를 사랑합니다,(주)NEW,드라마,118,15세 관람가,추창민,1552541.0,2,304,4,2011,02,17,0,3,3105082.0,625689.7918552036,1247518.6435643565,1649407
245,기적의 피아노,롯데엔터테인먼트,다큐멘터리,80,전체 관람가,임성구,9438.0,1,2,5,2015,09,03,1,2,9438.0,67172.25806451614,135100.45652173914,8567
246,풍경,인디스토리,다큐멘터리,96,전체 관람가,장률,0.0,0,4,14,2013,12,12,1,1,0.0,67172.25806451614,135100.45652173914,2178
247,마이 플레이스,KT&G 상상마당,다큐멘터리,77,전체 관람가,박문칠,399.0,2,17,1,2014,01,30,1,2,399.0,67172.25806451614,135100.45652173914,2951
248,철암 계곡의 혈투,인디스토리,액션,89,청소년 관람불가,지하진,0.0,0,5,2,2012,07,12,1,1,0.0,2203974.0714285714,364181.32843137253,1002
249,기화,아방가르드 필름,드라마,127,청소년 관람불가,문정윤,0.0,0,74,4,2015,02,26,0,1,0.0,625689.7918552036,364181.32843137253,831
250,배꼽과 무릎사이,스크린조이,멜로/로맨스,67,청소년 관람불가,이숭환,0.0,0,18,3,2014,05,22,0,1,0.0,425968.03846153844,364181.32843137253,7448
251,로사,와이드릴리즈(주),드라마,86,청소년 관람불가,맹관표,50699.0,1,89,3,2014,05,29,0,2,50699.0,625689.7918552036,364181.32843137253,1831
252,나는 왕이로소이다,롯데엔터테인먼트,드라마,120,12세 관람가,장규성,1013172.0,2,402,7,2012,08,08,1,2,1013172.0,625689.7918552036,844980.9019607843,790181
253,시간의 숲,tvN,다큐멘터리,96,12세 관람가,송일곤,348084.0,3,2,2,2012,04,19,0,3,356319.0,67172.25806451614,844980.9019607843,1556
254,특수본,롯데엔터테인먼트,액션,111,15세 관람가,황병국,0.0,0,253,6,2011,11,24,0,1,0.0,2203974.0714285714,1247518.6435643565,1118258
255,누구에게나 찬란한,CGV아트하우스,다큐멘터리,87,전체 관람가,임유철,227304.0,1,125,4,2014,11,06,0,2,227304.0,67172.25806451614,135100.45652173914,21002
256,태아 3D,(주)팝엔터테인먼트,다큐멘터리,80,전체 관람가,표만석,0.0,0,15,2,2013,04,18,0,1,0.0,67172.25806451614,135100.45652173914,712
257,러시안 소설,KT&G 상상마당,드라마,140,15세 관람가,신연식,0.0,0,29,2,2013,09,19,1,1,0.0,625689.7918552036,1247518.6435643565,5992
258,노리개,인벤트 디,드라마,95,청소년 관람불가,최승호,5741.0,2,97,4,2013,04,18,0,2,5741.0,625689.7918552036,364181.32843137253,169064
259,한공주,무비꼴라쥬,드라마,112,청소년 관람불가,이수진,1174495.0,1,183,3,2014,04,17,0,2,1174495.0,625689.7918552036,364181.32843137253,225839
260,우리들의 헤어진 여자친구,골든타이드픽처스,멜로/로맨스,89,청소년 관람불가,이광호,0.0,0,1,5,2013,08,29,1,1,0.0,425968.03846153844,364181.32843137253,599
261,비밀애,시너지,멜로/로맨스,111,청소년 관람불가,류훈,1799447.0,1,333,2,2010,03,25,0,2,1799447.0,425968.03846153844,364181.32843137253,164252
262,굿바이 그리고 헬로우,(주) 액티버스엔터테인먼트,드라마,82,12세 관람가,한창근,0.0,0,23,4,2015,12,24,1,1,0.0,625689.7918552036,844980.9019607843,329
263,은밀한 방문자,(주) 케이알씨지,멜로/로맨스,72,청소년 관람불가,윤여창,988.0,1,20,4,2015,09,16,1,2,988.0,425968.03846153844,364181.32843137253,397
264,지구대표 롤링스타즈,롯데엔터테인먼트,애니메이션,83,전체 관람가,임상준,0.0,0,2,9,2011,03,24,0,1,0.0,181926.66666666666,135100.45652173914,35578
265,젊은엄마 : 내 나이가 어때서,골든타이드픽처스,드라마,95,청소년 관람불가,김일종,187048.0,2,19,2,2015,05,07,0,2,187048.0,625689.7918552036,364181.32843137253,916
266,프랑스인 김명실,어뮤즈,다큐멘터리,75,전체 관람가,이지현,0.0,0,20,3,2014,06,26,0,1,0.0,67172.25806451614,135100.45652173914,241
267,"님아, 그 강을 건너지 마오",CGV아트하우스,다큐멘터리,86,전체 관람가,진모영,5105.0,1,3,2,2014,11,27,0,2,5105.0,67172.25806451614,135100.45652173914,4802169
268,분노의 윤리학,롯데엔터테인먼트,느와르,110,청소년 관람불가,박명랑,151105.0,1,215,5,2013,02,21,0,2,151105.0,2263695.111111111,364181.32843137253,225618
269,가시,인벤트 디,서스펜스,117,청소년 관람불가,김태균,0.0,0,207,2,2014,04,10,0,1,0.0,82611.0,364181.32843137253,142170
270,참을 수 없는,시너지,멜로/로맨스,114,청소년 관람불가,권칠인,50493.333333333336,0,292,4,2010,10,21,0,3,151480.0,425968.03846153844,364181.32843137253,75740
271,안녕? 오케스트라,영화사 진진,다큐멘터리,85,전체 관람가,이철하,0.0,0,1,1,2013,11,28,0,1,0.0,67172.25806451614,135100.45652173914,15530
272,위선자들,더픽쳐스/(주)마운틴픽쳐스,드라마,104,청소년 관람불가,김진홍,57943.0,1,63,8,2015,11,26,0,2,57943.0,625689.7918552036,364181.32843137253,9566
273,퀴즈왕,시네마서비스,코미디,121,15세 관람가,장진,36864.5,0,273,13,2010,09,16,1,2,73729.0,1193914.0,1247518.6435643565,573001
274,탐욕의 제국,시네마달,다큐멘터리,92,12세 관람가,홍리경,0.0,0,7,3,2014,03,06,0,1,0.0,67172.25806451614,844980.9019607843,5808
275,아름다운 유산,제나두 엔터테인먼트,드라마,104,전체 관람가,김창만,0.0,0,0,6,2011,04,14,0,1,0.0,625689.7918552036,135100.45652173914,678
276,흉터,(주)키노아이,드라마,65,15세 관람가,임우성,0.0,0,17,2,2011,10,13,0,1,0.0,625689.7918552036,1247518.6435643565,256
277,군사통제구역 팔이공지대,골든타이드픽처스,미스터리,89,청소년 관람불가,구모,0.0,0,12,3,2013,07,25,1,1,0.0,527548.1764705882,364181.32843137253,813
278,감기,(주)아이필름코퍼레이션,드라마,121,15세 관람가,김성수,72.5,2,458,3,2013,08,14,1,3,92.5,625689.7918552036,1247518.6435643565,3117859
279,숫호구,(주)엣나인필름,코미디,80,청소년 관람불가,백승기,0.0,0,48,3,2014,08,07,1,1,0.0,1193914.0,364181.32843137253,2117
280,반짝이는 박수 소리,KT&G 상상마당,다큐멘터리,80,전체 관람가,이길보라,0.0,0,16,4,2015,04,23,0,1,0.0,67172.25806451614,135100.45652173914,5648
281,태양을 쏴라,조이앤시네마,멜로/로맨스,87,청소년 관람불가,김태식,0.0,0,100,2,2015,03,19,0,1,0.0,425968.03846153844,364181.32843137253,17444
282,들개,무비꼴라쥬,드라마,102,청소년 관람불가,김정훈,844608.25,0,143,2,2014,04,03,0,2,1689216.5,625689.7918552036,364181.32843137253,3333
283,착한 처제,쟈비스미디어,드라마,97,청소년 관람불가,강훈,0.0,0,0,2,2015,11,19,0,1,0.0,625689.7918552036,364181.32843137253,588
284,모차르트 타운,트리필름,드라마,90,청소년 관람불가,전규환,0.0,0,16,3,2011,09,15,1,1,0.0,625689.7918552036,364181.32843137253,446
285,파일:4022일의 사육,골든타이드픽처스,미스터리,92,청소년 관람불가,박용집,695201.5,2,103,3,2015,12,10,1,3,1390403.0,527548.1764705882,364181.32843137253,1414
286,밍크코트,인디스토리,드라마,91,15세 관람가,신아가,736729.5,2,9,4,2012,01,12,1,2,736729.5,625689.7918552036,1247518.6435643565,3223
287,남자가 사랑할 때,(주)NEW,드라마,120,15세 관람가,한동욱,2723028.0,1,433,2,2014,01,22,1,2,2723028.0,625689.7918552036,1247518.6435643565,1980050
288,타워,CJ E&M 영화부문,드라마,121,12세 관람가,김지훈,2849087.5,4,126,3,2012,12,25,1,3,6489666.5,625689.7918552036,844980.9019607843,5181014
289,소명 하늘의 별,에스피엠,다큐멘터리,75,12세 관람가,신현원,30751.5,2,3,5,2013,03,21,0,2,30751.5,67172.25806451614,844980.9019607843,11666
290,훈장과 악동들,어뮤즈,다큐멘터리,92,전체 관람가,김봉곤,0.0,0,0,1,2011,10,27,0,1,0.0,67172.25806451614,135100.45652173914,39916
291,여의도,어뮤즈,드라마,87,청소년 관람불가,송정우,0.0,0,178,4,2010,12,02,1,1,0.0,625689.7918552036,364181.32843137253,5322
292,내 심장을 쏴라,(주)리틀빅픽처스,드라마,102,15세 관람가,문제용,1112957.66666667,3,273,2,2015,01,28,1,2,1112957.66666667,625689.7918552036,1247518.6435643565,387408
293,멜로,BoXoo 엔터테인먼트,드라마,119,청소년 관람불가,이로이,0.0,0,105,2,2014,04,24,0,1,0.0,625689.7918552036,364181.32843137253,385
294,패밀리마트,건시네마,드라마,91,청소년 관람불가,김건,0.0,0,90,4,2010,11,25,0,1,0.0,625689.7918552036,364181.32843137253,162
295,통통한 혁명,(주)마운틴픽쳐스,멜로/로맨스,85,12세 관람가,민두식,0.0,0,50,2,2012,08,02,1,1,0.0,425968.03846153844,844980.9019607843,557
296,가시꽃,인디스토리,드라마,103,청소년 관람불가,이돈구,0.0,0,21,2,2013,08,22,1,1,0.0,625689.7918552036,364181.32843137253,1759
297,시라노; 연애조작단,롯데엔터테인먼트,멜로/로맨스,117,12세 관람가,김현석,1158640.0,2,342,8,2010,09,16,1,4,4294215.08333333,425968.03846153844,844980.9019607843,2684798
298,소수의견,시네마서비스,드라마,126,15세 관람가,김성제,481722.75,4,287,3,2015,06,24,0,2,481722.75,625689.7918552036,1247518.6435643565,383582
299,조난자들,CJ 엔터테인먼트,미스터리,99,15세 관람가,노영석,0.0,0,199,2,2014,03,06,0,1,0.0,527548.1764705882,1247518.6435643565,13190
300,오직 그대만,(주)쇼박스,멜로/로맨스,105,15세 관람가,송일곤,8235.0,2,110,2,2011,10,20,0,3,356319.0,425968.03846153844,1247518.6435643565,1027782
301,넛잡: 땅콩 도둑들,싸이더스,애니메이션,86,전체 관람가,피터 레페니오티스,0.0,0,16,4,2014,01,29,1,1,0.0,181926.66666666666,135100.45652173914,479280
302,원 나잇 스탠드,KT&G 상상마당,드라마,98,청소년 관람불가,민용근,0.0,0,106,10,2010,05,04,0,1,0.0,625689.7918552036,364181.32843137253,2124
303,가비,시네마서비스,미스터리,115,15세 관람가,장윤현,627301.666666667,3,95,4,2012,03,15,0,2,627301.666666667,527548.1764705882,1247518.6435643565,270602
304,60만번의 트라이,인디스토리,다큐멘터리,106,12세 관람가,박사유,0.0,0,37,5,2014,09,18,1,1,0.0,67172.25806451614,844980.9019607843,21483
305,"자, 이제 댄스타임",키노엔터테인먼트,다큐멘터리,83,15세 관람가,조세영,891.0,1,51,2,2014,06,26,0,2,891.0,67172.25806451614,1247518.6435643565,1351
306,천안함 프로젝트,(주)아우라픽처스,다큐멘터리,75,12세 관람가,백승우,332643.0,1,19,1,2013,09,05,1,2,332643.0,67172.25806451614,844980.9019607843,21317
307,당신은 아름답다,마운틴 픽처스,다큐멘터리,75,전체 관람가,백승창,481459.25,4,0,1,2010,08,26,1,2,481459.25,67172.25806451614,135100.45652173914,240
308,영화판,(주)마운틴픽쳐스,다큐멘터리,83,12세 관람가,허철,0.0,0,25,2,2012,12,06,1,1,0.0,67172.25806451614,844980.9019607843,1561
309,레바논 감정,어뮤즈,공포,106,청소년 관람불가,정영헌,2972299.0,1,10,3,2014,02,27,0,2,2972299.0,590832.5238095238,364181.32843137253,1523
310,순수의 시대,CJ 엔터테인먼트,드라마,113,청소년 관람불가,안상훈,2367942.0,1,642,4,2015,03,05,0,2,2367942.0,625689.7918552036,364181.32843137253,470308
311,가자! 장미여관으로 2 - 갈증,에이블엔터테인먼트,멜로/로맨스,87,청소년 관람불가,김봉은,1767.0,0,27,4,2014,04,10,0,2,3534.0,425968.03846153844,364181.32843137253,3534
312,집,CJ 엔터테인먼트,애니메이션,83,15세 관람가,박미선,0.0,0,198,6,2011,03,17,0,1,0.0,181926.66666666666,1247518.6435643565,81
313,미안해 사랑해 고마워,(주)쇼박스,드라마,115,15세 관람가,전윤수,1289931.5,2,356,6,2015,10,28,0,2,1289931.5,625689.7918552036,1247518.6435643565,51207
314,"가자, 장미여관으로",드림로드,멜로/로맨스,85,청소년 관람불가,김봉은,1767.0,0,26,2,2014,10,08,0,2,3534.0,425968.03846153844,364181.32843137253,1533
315,영건 탐정사무소,인디스토리,SF,95,청소년 관람불가,오영두,430920.5,2,31,4,2012,08,30,1,3,861841.0,1788345.6923076923,364181.32843137253,957
316,미션: 톱스타를 훔쳐라,드림팩트 엔터테인먼트,코미디,85,청소년 관람불가,노병하,0.0,0,43,5,2015,09,03,1,1,0.0,1193914.0,364181.32843137253,512
317,무산일기,영화사 진진,드라마,127,15세 관람가,박정범,0.0,0,77,3,2011,04,14,0,1,0.0,625689.7918552036,1247518.6435643565,11260
318,심장이 뛴다,롯데엔터테인먼트,드라마,114,15세 관람가,윤재근,614697.5,2,364,2,2011,01,05,1,2,614697.5,625689.7918552036,1247518.6435643565,1025243
319,우쿨렐레 사랑모임,어뮤즈,다큐멘터리,60,전체 관람가,노효두,0.0,0,2,5,2012,07,19,1,1,0.0,67172.25806451614,135100.45652173914,328
320,최종병기 활,롯데엔터테인먼트,액션,122,15세 관람가,김한민,2079989.0,1,687,4,2011,08,10,1,2,2079989.0,2203974.0714285714,1247518.6435643565,7482180
321,"안녕, 전우치! 도술로봇대결전",(주)리틀빅픽처스,애니메이션,88,전체 관람가,김대창,0.0,0,5,6,2015,10,08,0,1,0.0,181926.66666666666,135100.45652173914,13113
322,히말라야,CJ 엔터테인먼트,드라마,124,12세 관람가,이석훈,3549473.0,4,520,2,2015,12,16,1,3,5393367.66666667,625689.7918552036,844980.9019607843,7759711
323,맛있는 인생,스폰지,드라마,97,15세 관람가,조성규,0.0,0,66,2,2010,10,28,0,1,0.0,625689.7918552036,1247518.6435643565,900
324,청아,인피니티엔터테인먼트,드라마,92,청소년 관람불가,김정호,0.0,0,3,4,2014,09,25,1,1,0.0,625689.7918552036,364181.32843137253,2
325,내 남자의 순이,새인컴퍼니,코미디,91,15세 관람가,김호준,402735.33333333296,3,131,3,2010,05,27,0,2,402735.33333333296,1193914.0,1247518.6435643565,10449
326,검은 사제들,CJ 엔터테인먼트,미스터리,108,15세 관람가,장재현,6720926.5,2,369,2,2015,11,05,0,2,6720926.5,527548.1764705882,1247518.6435643565,5443049
327,춤추는 숲,스튜디오 느림보,다큐멘터리,95,전체 관람가,강석필,0.0,0,18,4,2013,05,23,0,1,0.0,67172.25806451614,135100.45652173914,8695
328,배우는 배우다,(주)NEW,드라마,98,청소년 관람불가,신연식,0.0,0,196,2,2013,10,24,0,1,0.0,625689.7918552036,364181.32843137253,112029
329,약장수,나이너스엔터테인먼트(주),드라마,104,15세 관람가,조치언,0.0,0,193,3,2015,04,23,0,1,0.0,625689.7918552036,1247518.6435643565,44216
330,마음이 2,롯데엔터테인먼트,드라마,92,전체 관람가,이정철,0.0,0,359,5,2010,07,21,1,1,0.0,625689.7918552036,135100.45652173914,696382
331,다른나라에서,(주) 영화제작전원사,드라마,89,청소년 관람불가,홍상수,19658.5,0,70,2,2012,05,31,0,2,39317.0,625689.7918552036,364181.32843137253,31101
332,철의 꿈,영화사 진진,다큐멘터리,100,전체 관람가,박경근,0.0,0,33,1,2014,11,13,0,1,0.0,67172.25806451614,135100.45652173914,1440
333,블랙딜,인디플러그,다큐멘터리,87,12세 관람가,이조훈,0.0,0,23,1,2014,07,03,1,1,0.0,67172.25806451614,844980.9019607843,9301
334,폴라로이드,와이드 릴리즈(주),드라마,106,전체 관람가,주호성,17857.0,1,7,3,2015,07,16,1,2,17857.0,625689.7918552036,135100.45652173914,12457
335,붉은 바캉스 검은 웨딩 2,필름라인,공포,88,청소년 관람불가,최위안,0.0,0,1,3,2013,11,28,0,1,0.0,590832.5238095238,364181.32843137253,5100
336,유신의 추억 - 다카키 마사오의 전성시대,M2픽처스,다큐멘터리,75,12세 관람가,이정황,0.0,0,2,3,2012,11,22,0,1,0.0,67172.25806451614,844980.9019607843,1045
337,스톤,씨너스엔터테인먼트(주),드라마,109,15세 관람가,조세래,1124.0,1,204,3,2014,06,12,0,2,1124.0,625689.7918552036,1247518.6435643565,18061
338,타부 : 금지된 사랑,고구마공작소,멜로/로맨스,78,청소년 관람불가,고구마,17615314.0,1,27,3,2015,09,03,1,2,17615314.0,425968.03846153844,364181.32843137253,8
339,바보야,(주)마운틴픽쳐스,다큐멘터리,73,전체 관람가,강성옥,0.0,0,0,2,2011,04,21,0,1,0.0,67172.25806451614,135100.45652173914,17912
340,너는 펫,롯데엔터테인먼트,멜로/로맨스,110,12세 관람가,김병곤,0.0,0,92,2,2011,11,10,0,1,0.0,425968.03846153844,844980.9019607843,543313
341,그녀가 부른다,(주)미디어데이,멜로/로맨스,97,15세 관람가,박은형,409411.5,2,49,2,2013,12,26,1,2,409411.5,425968.03846153844,1247518.6435643565,2802
342,그리고 싶은 것,시네마달,다큐멘터리,92,전체 관람가,권효,891.0,1,24,4,2013,08,15,1,2,891.0,67172.25806451614,135100.45652173914,5014
343,야간비행,(주)엣나인필름,드라마,134,청소년 관람불가,이송희일,3154.0,2,139,5,2014,08,28,1,3,6543.0,625689.7918552036,364181.32843137253,9272
344,48미터,CJ 엔터테인먼트,드라마,97,15세 관람가,민백두,57943.0,1,78,4,2013,07,04,1,2,57943.0,625689.7918552036,1247518.6435643565,13886
345,"빗자루, 금붕어 되다",마노엔터테인먼트,드라마,80,15세 관람가,김동주,0.0,0,20,3,2010,09,30,1,1,0.0,625689.7918552036,1247518.6435643565,742
346,소와 함께 여행하는 법,롯데엔터테인먼트,드라마,108,15세 관람가,임순례,20380.0,1,263,3,2010,11,03,0,3,35875.6666666667,625689.7918552036,1247518.6435643565,16096
347,홍길동 2084,타임스토리그룹,애니메이션,85,전체 관람가,이정인,0.0,0,2,5,2011,08,18,1,1,0.0,181926.66666666666,135100.45652173914,4586
348,결정적 한방,화앤담이엔티,드라마,100,15세 관람가,박중구,0.0,0,237,4,2011,12,07,1,1,0.0,625689.7918552036,1247518.6435643565,60944
349,필름시대사랑,(주)스마일이엔티,드라마,70,15세 관람가,장률,0.0,0,94,4,2015,10,22,0,1,0.0,625689.7918552036,1247518.6435643565,1611
350,페이스메이커,시너지,드라마,124,12세 관람가,김달중,0.0,0,496,4,2012,01,18,1,1,0.0,625689.7918552036,844980.9019607843,467697
351,"굿바이, 평양",(주)키노아이,다큐멘터리,82,전체 관람가,양영희,2497.0,1,17,5,2011,03,03,0,2,2497.0,67172.25806451614,135100.45652173914,2969
352,몬스터,롯데엔터테인먼트,공포,114,청소년 관람불가,황인호,1264761.5,4,336,3,2014,03,13,0,3,1947974.833333333,590832.5238095238,364181.32843137253,526547
353,시,(주)NEW,드라마,139,15세 관람가,이창동,99430.0,1,310,1,2010,05,13,0,2,99430.0,625689.7918552036,1247518.6435643565,218898
354,소명 2 - 모겐족의 월드컵,에스피엠,다큐멘터리,92,전체 관람가,신현원,15375.75,0,15,6,2010,04,01,0,2,30751.5,67172.25806451614,135100.45652173914,29668
355,오디세오,(주)패뷸러스,뮤지컬,80,전체 관람가,정성복,0.0,0,0,0,2015,10,22,0,1,0.0,6627.0,135100.45652173914,862
356,경성학교: 사라진 소녀들,롯데엔터테인먼트,미스터리,99,15세 관람가,이해영,917362.2,5,284,3,2015,06,18,0,3,1392750.2,527548.1764705882,1247518.6435643565,356436
357,친정엄마,싸이더스 FNH,드라마,108,전체 관람가,유성엽,0.0,0,240,2,2010,04,22,0,1,0.0,625689.7918552036,135100.45652173914,472009
358,카운트다운,NEW,액션,119,청소년 관람불가,허종호,1086916.0,2,109,2,2011,09,29,1,3,1968709.0,2203974.0714285714,364181.32843137253,471547
359,연애의 기술,(주)팝엔터테인먼트,멜로/로맨스,91,청소년 관람불가,이수성,11577.5,2,2,3,2013,10,30,0,3,22270.1666666667,425968.03846153844,364181.32843137253,8923
360,쎄시봉,CJ 엔터테인먼트,멜로/로맨스,122,15세 관람가,김현석,1468215.75,4,566,8,2015,02,05,0,4,4294215.08333333,425968.03846153844,1247518.6435643565,1715370
361,더 폰,(주)NEW,액션,114,15세 관람가,김봉주,2500135.0,4,437,3,2015,10,22,0,2,2500135.0,2203974.0714285714,1247518.6435643565,1596762
362,도둑들,(주)쇼박스,느와르,135,15세 관람가,최동훈,2564691.66666667,3,462,10,2012,07,25,1,3,7734170.66666667,2263695.111111111,1247518.6435643565,12983841
363,꿈의 공장,시네마달,다큐멘터리,87,12세 관람가,김성균,0.0,0,6,8,2011,09,01,1,1,0.0,67172.25806451614,844980.9019607843,888
364,달팽이의 별,영화사 조아,멜로/로맨스,85,전체 관람가,이승준,0.0,0,21,2,2012,03,22,0,1,0.0,425968.03846153844,135100.45652173914,20081
365,경주,인벤트 디,드라마,145,15세 관람가,장률,0.0,0,85,4,2014,06,12,0,1,0.0,625689.7918552036,1247518.6435643565,63517
366,계몽영화,인디스토리,드라마,121,15세 관람가,박동훈,0.0,0,212,5,2010,09,16,1,1,0.0,625689.7918552036,1247518.6435643565,2493
367,치외법권,판씨네마(주),액션,104,15세 관람가,신재호,93748.0,3,253,2,2015,08,27,1,5,273400.5,2203974.0714285714,1247518.6435643565,346483
368,친절한 가정부,BoXoo 엔터테인먼트,코미디,75,청소년 관람불가,노진수,0.0,0,4,4,2015,02,26,0,1,0.0,1193914.0,364181.32843137253,166
369,잉여들의 히치하이킹,무비꼴라쥬,다큐멘터리,105,12세 관람가,이호재,0.0,0,1,4,2013,11,28,0,1,0.0,67172.25806451614,844980.9019607843,29478
370,녹색의자 2013 - 러브 컨셉츄얼리,(주)마운틴픽쳐스,멜로/로맨스,97,청소년 관람불가,박철수,0.0,0,42,2,2013,10,31,0,1,0.0,425968.03846153844,364181.32843137253,366
371,사사건건,KT&G 상상마당,드라마,91,청소년 관람불가,이정욱,0.0,0,148,8,2010,01,21,1,1,0.0,625689.7918552036,364181.32843137253,1143
372,국제시장,CJ 엔터테인먼트,드라마,126,12세 관람가,윤제균,0.0,0,869,4,2014,12,17,1,1,0.0,625689.7918552036,844980.9019607843,14262766
373,"앵두야, 연애하자",홀리가든,드라마,98,15세 관람가,정하린,0.0,0,34,4,2013,06,06,0,1,0.0,625689.7918552036,1247518.6435643565,3177
374,비치하트애솔,골든타이드픽처스,드라마,100,청소년 관람불가,이난,517314.66666666704,3,101,2,2015,01,29,1,2,517314.66666666704,625689.7918552036,364181.32843137253,279
375,행복한 울릉인,마운틴 픽처스,다큐멘터리,76,전체 관람가,황석호,0.0,0,3,2,2010,02,25,0,1,0.0,67172.25806451614,135100.45652173914,1068
376,뭘 또 그렇게까지,스폰지,멜로/로맨스,78,12세 관람가,전계수,8052.5,2,69,3,2010,04,29,0,3,16105.0,425968.03846153844,844980.9019607843,409
377,내부자들: 디 오리지널,(주)쇼박스,느와르,180,청소년 관람불가,우민호,3131902.0,3,382,3,2015,12,31,1,4,5305814.5,2263695.111111111,364181.32843137253,2084844
378,열한시,CJ 엔터테인먼트,공포,99,15세 관람가,김현석,1667359.33333333,3,277,3,2013,11,28,0,4,4294215.08333333,590832.5238095238,1247518.6435643565,870785
379,미확인 동영상 : 절대클릭금지,(주)쇼박스,공포,93,15세 관람가,김태경,362290.0,2,197,3,2012,05,30,0,3,590675.0,590832.5238095238,1247518.6435643565,867386
380,화장,리틀빅픽쳐스,드라마,94,청소년 관람불가,임권택,138190.0,1,309,3,2015,04,09,0,3,276380.0,625689.7918552036,364181.32843137253,142609
381,마당을 나온 암탉,롯데엔터테인먼트,애니메이션,93,전체 관람가,오성윤,0.0,0,36,5,2011,07,28,1,1,0.0,181926.66666666666,135100.45652173914,2202788
382,퍼펙트 게임,롯데엔터테인먼트,드라마,127,12세 관람가,박희곤,1187684.0,1,134,3,2011,12,21,1,2,1187684.0,625689.7918552036,844980.9019607843,1507084
383,여배우는 너무해,인벤트 디,멜로/로맨스,95,청소년 관람불가,유정환,1062385.66666667,3,129,2,2014,02,27,0,2,1062385.66666667,425968.03846153844,364181.32843137253,2673
384,복숭아나무,(주)NEW,드라마,106,15세 관람가,구혜선,0.0,0,41,3,2012,10,31,0,1,0.0,625689.7918552036,1247518.6435643565,33902
385,방독피,두 엔터테인먼트,미스터리,123,청소년 관람불가,김곡,0.0,0,8,4,2013,08,22,1,1,0.0,527548.1764705882,364181.32843137253,647
386,캐릭터,(주) 영화사조제,드라마,99,12세 관람가,손광주,0.0,0,14,2,2012,05,14,0,1,0.0,625689.7918552036,844980.9019607843,110
387,백프로,(주)마인스 엔터테인먼트,코미디,109,15세 관람가,김명균,462441.66666666704,3,191,6,2014,04,03,0,2,462441.66666666704,1193914.0,1247518.6435643565,37909
388,공모자들,씨너스엔터테인먼트(주),느와르,111,청소년 관람불가,김홍선,0.0,0,284,4,2012,08,29,1,1,0.0,2263695.111111111,364181.32843137253,1646142
389,무게,NEW,드라마,108,청소년 관람불가,전규환,0.0,0,13,2,2013,11,07,0,1,0.0,625689.7918552036,364181.32843137253,1161
390,로맨스 조,씨네그루(주)키다리이엔티,드라마,115,15세 관람가,이광국,0.0,0,49,4,2012,03,08,0,1,0.0,625689.7918552036,1247518.6435643565,3591
391,명령불복종 교사,인디플러그,다큐멘터리,96,전체 관람가,서동일,0.0,0,3,0,2015,05,14,0,1,0.0,67172.25806451614,135100.45652173914,1827
392,영도다리,(주)마운틴픽쳐스,드라마,81,청소년 관람불가,전수일,984.0,1,85,1,2010,07,01,1,4,2952.0,625689.7918552036,364181.32843137253,1693
393,건축학개론,롯데엔터테인먼트,멜로/로맨스,118,12세 관람가,이용주,126062.0,2,288,4,2012,03,22,0,2,126062.0,425968.03846153844,844980.9019607843,4113446
394,인피니트 콘서트 세컨드 인베이전 에볼루션 더 무비 3D,골든타이드픽처스,다큐멘터리,98,전체 관람가,손석,16844.0,1,0,1,2012,10,18,0,2,16844.0,67172.25806451614,135100.45652173914,39577
395,주유소 습격사건 2,시네마서비스,코미디,111,15세 관람가,김상진,3907784.5,4,402,4,2010,01,21,1,3,7815569.0,1193914.0,1247518.6435643565,729834
396,달빛 길어올리기,전주국제영화제,드라마,118,15세 관람가,임권택,138190.0,1,336,5,2011,03,17,0,3,276380.0,625689.7918552036,1247518.6435643565,57261
397,헬로우 고스트,NEW,코미디,111,12세 관람가,김영탁,1876998.66666667,3,369,6,2010,12,22,1,3,3641376.0,1193914.0,844980.9019607843,3019960
398,평양성,롯데엔터테인먼트,코미디,117,12세 관람가,이준익,0.0,0,499,5,2011,01,27,1,1,0.0,1193914.0,844980.9019607843,1717566
399,피끓는 청춘,롯데엔터테인먼트,코미디,121,15세 관람가,이연우,3024666.0,1,298,4,2014,01,22,1,2,3024666.0,1193914.0,1247518.6435643565,1676040
400,돈의 맛,시너지,드라마,115,청소년 관람불가,임상수,1276480.0,2,324,4,2012,05,17,0,3,1561861.0,625689.7918552036,364181.32843137253,1166025
401,야관문 : 욕망의 꽃,(주)마운틴픽쳐스,미스터리,95,청소년 관람불가,임경수,593867.0,1,30,2,2013,11,07,0,2,593867.0,527548.1764705882,364181.32843137253,6085
402,열애,(주) 케이알씨지,멜로/로맨스,84,청소년 관람불가,이숭환,0.0,0,42,3,2014,07,23,1,1,0.0,425968.03846153844,364181.32843137253,1564
403,설인,CJ 엔터테인먼트,SF,91,청소년 관람불가,이사무엘,57.0,1,162,2,2013,03,14,0,2,57.0,1788345.6923076923,364181.32843137253,988
404,태어나서 미안해,CJ 엔터테인먼트,드라마,80,15세 관람가,최영석,0.0,0,51,3,2012,03,08,0,1,0.0,625689.7918552036,1247518.6435643565,201
405,깔깔깔 희망버스,(주)마운틴픽쳐스,다큐멘터리,84,15세 관람가,이수정,533.5,2,3,3,2012,09,27,1,2,533.5,67172.25806451614,1247518.6435643565,691
406,내가 고백을 하면,(주)마인스엔터테인먼트,드라마,100,15세 관람가,조성규,0.0,0,32,2,2012,11,15,0,1,0.0,625689.7918552036,1247518.6435643565,11969
407,다이빙벨,시네마달,다큐멘터리,77,15세 관람가,이상호,0.0,0,35,1,2014,10,23,0,1,0.0,67172.25806451614,1247518.6435643565,50308
408,오피스,리틀빅픽처스,공포,111,15세 관람가,홍원찬,2888383.5,4,264,2,2015,09,03,1,2,2888383.5,590832.5238095238,1247518.6435643565,441208
409,타짜-신의 손,롯데엔터테인먼트,드라마,147,청소년 관람불가,강형철,7838528.5,2,583,4,2014,09,03,1,3,16061870.5,625689.7918552036,364181.32843137253,4015364
410,전망 좋은 방-밀애,(주) 케이알씨지,멜로/로맨스,71,청소년 관람불가,이세일,0.0,0,0,3,2012,11,08,0,1,0.0,425968.03846153844,364181.32843137253,10
411,핑크,(주)마운틴픽쳐스,드라마,97,청소년 관람불가,전수일,984.0,1,49,2,2012,03,15,0,4,2952.0,625689.7918552036,364181.32843137253,971
412,코리아,CJ 엔터테인먼트,드라마,127,12세 관람가,문현성,2376429.33333333,3,419,2,2012,05,03,0,2,2376429.33333333,625689.7918552036,844980.9019607843,1872682
413,이쁜 것들이 되어라,무비꼴라쥬,멜로/로맨스,99,15세 관람가,한승훈,234261.0,1,54,3,2014,04,17,0,2,234261.0,425968.03846153844,1247518.6435643565,542
414,미스체인지,(주) 브릿지웍스,코미디,100,청소년 관람불가,정초신,813164.0,1,75,4,2013,09,05,1,2,813164.0,1193914.0,364181.32843137253,6054
415,부귀영화,(주)마운틴픽쳐스,다큐멘터리,85,15세 관람가,인진미,0.0,0,11,3,2012,10,25,0,1,0.0,67172.25806451614,1247518.6435643565,158
416,은실이,CJ 엔터테인먼트,애니메이션,71,청소년 관람불가,김선아,0.0,0,17,3,2012,03,08,0,1,0.0,181926.66666666666,364181.32843137253,218
417,허삼관,(주)NEW,드라마,124,12세 관람가,하정우,0.0,0,412,2,2015,01,14,1,1,0.0,625689.7918552036,844980.9019607843,956103
418,오월愛,상구네 필름,다큐멘터리,104,전체 관람가,김태일,0.0,0,4,0,2011,05,12,0,1,0.0,67172.25806451614,135100.45652173914,4092
419,꿈보다 해몽,KT&G 상상마당,드라마,98,15세 관람가,이광국,0.0,0,91,3,2015,02,12,0,1,0.0,625689.7918552036,1247518.6435643565,4486
420,마이 블랙 미니드레스,CJ 엔터테인먼트,드라마,108,15세 관람가,허인무,0.0,0,399,4,2011,03,24,0,1,0.0,625689.7918552036,1247518.6435643565,313953
421,마마 앤드 파파,케이엠스타,드라마,117,전체 관람가,장태령,0.0,0,76,4,2010,05,20,0,1,0.0,625689.7918552036,135100.45652173914,3099
422,전설의 주먹,CJ 엔터테인먼트,액션,153,청소년 관람불가,강우석,844821.0,3,335,6,2013,04,10,0,2,844821.0,2203974.0714285714,364181.32843137253,1744585
423,들개들,골든타이드픽처스,공포,99,청소년 관람불가,하원준,38770.0,2,74,3,2014,01,23,1,2,38770.0,590832.5238095238,364181.32843137253,1617
424,짐승,(주)키노아이,액션,93,청소년 관람불가,황유식,506419.0,2,54,2,2011,07,28,1,2,506419.0,2203974.0714285714,364181.32843137253,480
425,보라,시네마달,다큐멘터리,136,전체 관람가,이강현,0.0,0,7,0,2011,11,24,0,1,0.0,67172.25806451614,135100.45652173914,389
426,환타스틱 러브짐: 전쟁 같은 사랑,(주)유비네트워크,코미디,83,청소년 관람불가,한우진,0.0,0,7,7,2015,10,08,0,1,0.0,1193914.0,364181.32843137253,303
427,캠퍼스 S 커플,(주) 액티버스엔터테인먼트,멜로/로맨스,108,청소년 관람불가,송창용,664267.0,2,66,4,2014,05,15,0,2,664267.0,425968.03846153844,364181.32843137253,891
428,한민족 그리고 조선족,한국YWCA연합회,다큐멘터리,61,전체 관람가,전화성,345.333333333333,3,2,6,2014,12,10,1,3,769.333333333333,67172.25806451614,135100.45652173914,71
429,신의 한 수,(주)쇼박스,느와르,118,청소년 관람불가,조범구,1731903.0,2,418,5,2014,07,03,1,2,1731903.0,2263695.111111111,364181.32843137253,3566844
430,나는 야한 여자가 좋다 2,드림로드,멜로/로맨스,80,청소년 관람불가,김봉은,3534.0,1,26,2,2014,10,01,0,2,3534.0,425968.03846153844,364181.32843137253,1250
431,투혼,시너지,드라마,124,전체 관람가,김상진,3907784.5,4,335,4,2011,10,06,0,3,7815569.0,625689.7918552036,135100.45652173914,210970
432,젊은 엄마 2,골든타이드픽처스,멜로/로맨스,89,청소년 관람불가,노성수,0.0,0,0,1,2014,05,29,0,1,0.0,425968.03846153844,364181.32843137253,1
433,플랜맨,롯데엔터테인먼트,코미디,115,15세 관람가,성시흡,5046096.0,1,192,2,2014,01,09,1,2,5046096.0,1193914.0,1247518.6435643565,635744
434,미스터 고,(주)쇼박스,드라마,132,12세 관람가,김용화,6081480.0,1,422,2,2013,07,17,1,2,6081480.0,625689.7918552036,844980.9019607843,1329061
435,손님,CJ 엔터테인먼트,SF,107,15세 관람가,김광태,522925.0,3,367,4,2015,07,09,1,2,522925.0,1788345.6923076923,1247518.6435643565,828029
436,"의궤, 8일간의 축제 3D",KBS미디어(주),다큐멘터리,73,전체 관람가,최필곤,0.0,0,3,1,2014,04,17,0,1,0.0,67172.25806451614,135100.45652173914,7956
437,나쁜 나라,(주)시네마달,다큐멘터리,120,12세 관람가,김진열,0.0,0,2,0,2015,12,03,1,1,0.0,67172.25806451614,844980.9019607843,21576
438,산다,리틀빅픽처스,드라마,166,청소년 관람불가,박정범,0.0,0,180,4,2015,05,21,0,1,0.0,625689.7918552036,364181.32843137253,4398
439,트루맛쇼,더 피플,다큐멘터리,70,12세 관람가,김재환,0.0,0,20,1,2011,06,02,0,1,0.0,67172.25806451614,844980.9019607843,12341
440,조선안방 스캔들-칠거지악,(주) 케이알씨지,멜로/로맨스,76,청소년 관람불가,이전,0.0,0,10,4,2015,10,22,0,1,0.0,425968.03846153844,364181.32843137253,368
441,붉은 가족,김기덕 필름,드라마,99,15세 관람가,이주형,0.0,0,61,3,2013,11,06,0,1,0.0,625689.7918552036,1247518.6435643565,3916
442,악마를 보았다,(주)쇼박스,느와르,144,청소년 관람불가,김지운,0.0,0,582,2,2010,08,12,1,1,0.0,2263695.111111111,364181.32843137253,1817069
443,U.F.O.,인디스토리,드라마,91,청소년 관람불가,공귀현,0.0,0,70,4,2012,05,24,0,1,0.0,625689.7918552036,364181.32843137253,1240
444,중독애,(주) 케이알씨지,멜로/로맨스,83,청소년 관람불가,한소준,0.0,0,24,4,2014,07,16,1,1,0.0,425968.03846153844,364181.32843137253,1547
445,방자전,CJ 엔터테인먼트,드라마,124,청소년 관람불가,김대우,768549.333333333,3,481,3,2010,06,02,0,3,2091350.333333333,625689.7918552036,364181.32843137253,2985556
446,김종욱 찾기,CJ 엔터테인먼트,멜로/로맨스,112,12세 관람가,장유정,0.0,0,547,2,2010,12,08,1,1,0.0,425968.03846153844,844980.9019607843,1122225
447,슬기로운 해법,시네마달,다큐멘터리,94,12세 관람가,태준식,0.0,0,24,3,2014,05,15,0,1,0.0,67172.25806451614,844980.9019607843,4766
448,나의 불행에는 이유가 있다,위드시네마,드라마,86,15세 관람가,한상민,0.0,0,0,4,2010,11,25,0,1,0.0,625689.7918552036,1247518.6435643565,46
449,춤추는 동물원,인디플러그,드라마,114,15세 관람가,김효정,0.0,0,61,2,2010,12,02,1,1,0.0,625689.7918552036,1247518.6435643565,865
450,줄탁동시,인디스토리,드라마,119,청소년 관람불가,김경묵,0.0,0,18,2,2012,03,01,0,1,0.0,625689.7918552036,364181.32843137253,3694
451,블러디 쉐이크,팜코리아미디어,드라마,105,청소년 관람불가,김지용,0.0,0,121,7,2010,05,27,0,1,0.0,625689.7918552036,364181.32843137253,721
452,고양이: 죽음을 보는 두 개의 눈,(주)NEW,공포,106,15세 관람가,변승욱,200836.0,1,61,3,2011,07,07,1,2,200836.0,590832.5238095238,1247518.6435643565,672340
453,"실론, 세렌디피티",(주)씨엠닉스,드라마,108,15세 관람가,권중목,0.0,0,23,2,2015,12,14,1,1,0.0,625689.7918552036,1247518.6435643565,136
454,최후의 툰드라 - 극장판,SBS콘텐츠허브,다큐멘터리,101,전체 관람가,장경수,0.0,0,3,1,2011,02,17,0,1,0.0,67172.25806451614,135100.45652173914,10203
455,탐정 : 더 비기닝,CJ 엔터테인먼트,코미디,120,15세 관람가,김정훈,1689216.5,2,438,2,2015,09,24,1,2,1689216.5,1193914.0,1247518.6435643565,2625686
456,"60년전, 사선에서",인터콘미디어,다큐멘터리,63,전체 관람가,박성미,0.0,0,10,0,2010,06,24,0,1,0.0,67172.25806451614,135100.45652173914,79
457,공정사회,(주)엣나인필름,드라마,75,청소년 관람불가,이지승,0.0,0,93,4,2013,04,18,0,1,0.0,625689.7918552036,364181.32843137253,14537
458,이웃사람,롯데엔터테인먼트,공포,115,청소년 관람불가,김휘,2429219.33333333,3,257,8,2012,08,22,1,3,4472744.93333333,590832.5238095238,364181.32843137253,2434435
459,여배우 공작단,(주) 케이알씨지,멜로/로맨스,74,청소년 관람불가,전태윤,0.0,0,7,4,2014,06,19,0,1,0.0,425968.03846153844,364181.32843137253,2729
460,"광해, 왕이 된 남자",CJ 엔터테인먼트,드라마,131,15세 관람가,추창민,1552541.0,2,402,3,2012,09,13,1,3,3105082.0,625689.7918552036,1247518.6435643565,12323595
461,앨리스: 원더랜드에서 온 소년,(주)유비콘텐츠,SF,115,15세 관람가,허은희,0.0,0,82,3,2015,12,10,1,1,0.0,1788345.6923076923,1247518.6435643565,9323
462,"어떤 여행, 시민창작뮤지컬",(주)마운틴픽쳐스,다큐멘터리,79,전체 관람가,김정욱,0.0,0,14,1,2015,05,07,0,1,0.0,67172.25806451614,135100.45652173914,112
463,우리는 형제입니다,(주)쇼박스,코미디,102,12세 관람가,장진,73729.0,1,357,4,2014,10,23,0,2,73729.0,1193914.0,844980.9019607843,970377
464,순교,파이오니아21,다큐멘터리,83,전체 관람가,김상철,33039.5,2,19,6,2015,08,13,1,2,33039.5,67172.25806451614,135100.45652173914,16248
465,네버엔딩 스토리,화앤담이엔티,멜로/로맨스,114,15세 관람가,정용주,8.0,1,200,2,2012,01,18,1,2,8.0,425968.03846153844,1247518.6435643565,283449
466,연애의 온도,롯데엔터테인먼트,멜로/로맨스,112,청소년 관람불가,노덕,145.0,1,252,2,2013,03,21,0,3,290.0,425968.03846153844,364181.32843137253,1865354
467,연가시,CJ 엔터테인먼트,드라마,109,15세 관람가,박정우,578474.5,2,128,4,2012,07,05,1,2,578474.5,625689.7918552036,1247518.6435643565,4515833
468,미쓰GO,NEW,코미디,115,15세 관람가,박철관,0.0,0,120,5,2012,06,21,0,1,0.0,1193914.0,1247518.6435643565,611685
469,그 사람 추기경,(주)프레인글로벌,다큐멘터리,121,전체 관람가,전성우,0.0,0,54,1,2014,08,06,1,1,0.0,67172.25806451614,135100.45652173914,13538
470,엄마에게,어뮤즈,드라마,72,전체 관람가,이홍재,1174495.0,1,86,4,2012,05,31,0,2,1174495.0,625689.7918552036,135100.45652173914,574
471,뷰티풀 차일드,(주)마운틴픽쳐스,다큐멘터리,93,전체 관람가,이성수,0.0,0,9,1,2013,11,28,0,1,0.0,67172.25806451614,135100.45652173914,703
472,감시자들,(주)NEW,느와르,119,15세 관람가,조의석,80741.0,2,331,3,2013,07,03,1,2,80741.0,2263695.111111111,1247518.6435643565,5508299
473,성난 변호사,CJ 엔터테인먼트,느와르,117,15세 관람가,허종호,881793.0,3,431,3,2015,10,08,0,3,1968709.0,2263695.111111111,1247518.6435643565,1131154
474,스파이 파파,마노엔터테인먼트,드라마,80,전체 관람가,한승룡,1200.0,1,53,4,2011,10,27,0,2,1200.0,625689.7918552036,135100.45652173914,484
475,웨딩드레스,싸이더스,드라마,109,전체 관람가,권형진,462623.0,1,261,2,2010,01,14,1,3,925246.0,625689.7918552036,135100.45652173914,143458
476,수상한 그녀,CJ 엔터테인먼트,코미디,124,15세 관람가,황동혁,2781990.5,2,437,5,2014,01,22,1,2,2781990.5,1193914.0,1247518.6435643565,8659725
477,황해,(주)쇼박스,느와르,156,청소년 관람불가,나홍진,5046096.0,1,683,3,2010,12,22,1,2,5046096.0,2263695.111111111,364181.32843137253,2260512
478,나의 사랑 나의 신부,씨네그루(주)키다리이엔티,멜로/로맨스,111,15세 관람가,임찬상,748380.0,1,287,2,2014,10,08,0,2,748380.0,425968.03846153844,1247518.6435643565,2141155
479,피해자들,골든타이드픽처스,드라마,89,청소년 관람불가,노진수,0.0,0,81,2,2014,07,31,1,1,0.0,625689.7918552036,364181.32843137253,494
480,차이나 블루,프로젝트 엠피,드라마,102,청소년 관람불가,김건,0.0,0,101,3,2012,12,13,1,1,0.0,625689.7918552036,364181.32843137253,482
481,려수,(주) 영화사조제,드라마,98,15세 관람가,진광교,0.0,0,1,2,2011,11,10,0,1,0.0,625689.7918552036,1247518.6435643565,36
482,나인뮤지스; 그녀들의 서바이벌,하준사,다큐멘터리,82,12세 관람가,이학준,0.0,0,0,1,2014,09,25,1,1,0.0,67172.25806451614,844980.9019607843,600
483,데드 엔드,마노엔터테인먼트,미스터리,96,청소년 관람불가,윤여창,494.0,0,38,3,2013,11,14,0,2,988.0,527548.1764705882,364181.32843137253,205
484,인 허 플레이스,홀리가든,드라마,115,청소년 관람불가,알버트 신,0.0,0,28,3,2015,12,17,1,1,0.0,625689.7918552036,364181.32843137253,1599
485,끝까지 간다,(주)쇼박스,느와르,111,15세 관람가,김성훈,436101.5,2,343,2,2014,05,29,0,3,522938.5,2263695.111111111,1247518.6435643565,3450305
486,뷰티 인사이드,(주)NEW,멜로/로맨스,127,12세 관람가,백종열,4210890.33333333,3,572,22,2015,08,20,1,2,4210890.33333333,425968.03846153844,844980.9019607843,2057896
487,대호,(주)NEW,드라마,139,12세 관람가,박훈정,2270048.5,2,612,1,2015,12,16,1,3,4540097.0,625689.7918552036,844980.9019607843,1762733
488,몽골리안 프린세스,(주) 영화사조제,멜로/로맨스,80,청소년 관람불가,정단우,0.0,0,34,3,2015,03,19,0,1,0.0,425968.03846153844,364181.32843137253,424
489,식객: 김치전쟁,롯데엔터테인먼트,드라마,119,전체 관람가,백동훈,0.0,0,372,3,2010,01,28,1,1,0.0,625689.7918552036,135100.45652173914,462714
490,춘하추동 로맨스,(주)노버스엔터테인먼트,코미디,100,15세 관람가,오창민,0.0,0,54,7,2014,12,04,1,1,0.0,1193914.0,1247518.6435643565,1217
491,R2B: 리턴투베이스,주머니필름,액션,113,15세 관람가,김동원,170.0,0,477,7,2012,08,15,1,2,340.0,2203974.0714285714,1247518.6435643565,1201944
492,불안한 외출,홀리가든,다큐멘터리,90,15세 관람가,김철민,0.0,0,24,2,2015,12,10,1,1,0.0,67172.25806451614,1247518.6435643565,1958
493,좀비스쿨,BoXoo 엔터테인먼트,공포,87,청소년 관람불가,김석정,2515.5,2,119,4,2014,09,25,1,2,2515.5,590832.5238095238,364181.32843137253,7721
494,화차,필라멘트 픽쳐스,미스터리,117,15세 관람가,변영주,43734.0,2,308,3,2012,03,08,0,2,43734.0,527548.1764705882,1247518.6435643565,2436884
495,닥터,(주)마인스 엔터테인먼트,공포,97,청소년 관람불가,김성홍,0.0,0,20,3,2013,06,20,0,1,0.0,590832.5238095238,364181.32843137253,68312
496,설국열차,CJ 엔터테인먼트,SF,125,15세 관람가,봉준호,0.0,0,67,10,2013,08,01,1,1,0.0,1788345.6923076923,1247518.6435643565,9350351
497,쿠바의 연인,시네마 달,다큐멘터리,93,15세 관람가,정호현,0.0,0,0,2,2011,01,13,1,1,0.0,67172.25806451614,1247518.6435643565,4340
498,암살,(주)쇼박스,액션,139,15세 관람가,최동훈,5169479.0,4,628,3,2015,07,22,1,3,7734170.66666667,2203974.0714285714,1247518.6435643565,12706663
499,두 여자,CJ 엔터테인먼트,멜로/로맨스,105,청소년 관람불가,정윤수,1421201.0,2,354,3,2010,11,18,0,2,1421201.0,425968.03846153844,364181.32843137253,129576
500,한양 기방 춘향뎐,(주) 케이알씨지,멜로/로맨스,89,청소년 관람불가,김민욱,0.0,0,0,1,2015,11,25,0,1,0.0,425968.03846153844,364181.32843137253,400
501,베드,(주)마운틴픽쳐스,멜로/로맨스,91,청소년 관람불가,박철수,0.0,0,37,3,2013,01,17,1,1,0.0,425968.03846153844,364181.32843137253,660
502,뜨거운 안녕,나이너스엔터테인먼트(주),드라마,99,12세 관람가,남택수,0.0,0,206,4,2013,05,30,0,1,0.0,625689.7918552036,844980.9019607843,47105
503,애니멀 타운,트리필름,드라마,97,청소년 관람불가,전규환,0.0,0,1,2,2011,03,10,0,1,0.0,625689.7918552036,364181.32843137253,1379
504,천사의 숨소리,롤러코스터 프로덕션,코미디,93,12세 관람가,한지원,0.0,0,53,2,2012,02,23,0,1,0.0,1193914.0,844980.9019607843,1873
505,해적: 바다로 간 산적,롯데엔터테인먼트,SF,130,12세 관람가,이석훈,1843894.66666667,3,868,2,2014,08,06,1,3,5393367.66666667,1788345.6923076923,844980.9019607843,8666208
506,우리 선희,(주) 영화제작전원사,드라마,89,청소년 관람불가,홍상수,19658.5,0,8,6,2013,09,12,1,2,39317.0,625689.7918552036,364181.32843137253,69122
507,내 아내의 모든 것,(주)NEW,멜로/로맨스,121,15세 관람가,민규동,2299492.5,0,340,3,2012,05,17,0,2,4598985.0,425968.03846153844,1247518.6435643565,4598985
508,모차르트 락 오페라,SK플래닛,뮤지컬,133,전체 관람가,정성복,0.0,0,4,4,2011,11,17,0,1,0.0,6627.0,135100.45652173914,16323
509,고양이 춤,인디스토리,다큐멘터리,76,전체 관람가,윤기형,0.0,0,42,3,2011,11,17,0,1,0.0,67172.25806451614,135100.45652173914,12486
510,도약선생,(주) 영화사조제,드라마,65,12세 관람가,윤성호,0.0,0,17,4,2011,06,30,0,1,0.0,625689.7918552036,844980.9019607843,2155
511,서울연애,서울독립영화제,드라마,120,청소년 관람불가,최시형,0.0,0,103,16,2014,10,30,0,1,0.0,625689.7918552036,364181.32843137253,1547
512,마담 뺑덕,CJ 엔터테인먼트,멜로/로맨스,111,청소년 관람불가,임필성,14188.0,1,450,3,2014,10,02,0,2,14188.0,425968.03846153844,364181.32843137253,471248
513,푸른소금,스튜디오 블루,드라마,120,15세 관람가,이현승,20380.0,1,436,2,2011,08,31,1,2,20380.0,625689.7918552036,1247518.6435643565,771699
514,윤희,노바엔터테인먼트,드라마,89,청소년 관람불가,윤여창,494.0,0,11,2,2014,01,09,1,2,988.0,625689.7918552036,364181.32843137253,561
515,고스톱 살인,(주)랠리버튼,SF,100,15세 관람가,김준권,0.0,0,77,3,2014,03,20,0,1,0.0,1788345.6923076923,1247518.6435643565,820
516,서부전선,롯데엔터테인먼트,액션,112,12세 관람가,천성일,4385472.0,2,388,2,2015,09,24,1,2,4385472.0,2203974.0714285714,844980.9019607843,609063
517,깡철이,CJ 엔터테인먼트,드라마,108,15세 관람가,안권태,1918611.5,2,143,2,2013,10,02,0,2,1918611.5,625689.7918552036,1247518.6435643565,1209363
518,577 프로젝트,필라멘트 픽쳐스,코미디,99,15세 관람가,이근우,1198419.5,2,150,2,2012,08,30,1,2,1198419.5,1193914.0,1247518.6435643565,96080
519,보호자,무비꼴라쥬,느와르,88,15세 관람가,유원상,2496.0,1,128,3,2014,04,10,0,2,2496.0,2263695.111111111,1247518.6435643565,458
520,더 웹툰: 예고살인,CJ 엔터테인먼트,공포,104,15세 관람가,김용균,1670652.0,1,243,2,2013,06,27,0,2,1670652.0,590832.5238095238,1247518.6435643565,1201033
521,스타: 빛나는 사랑,(주)마운틴픽쳐스,드라마,98,12세 관람가,한상희,0.0,0,65,6,2012,10,11,0,1,0.0,625689.7918552036,844980.9019607843,577
522,화이트: 저주의 멜로디,CJ E&M Pictures,공포,106,15세 관람가,김곡,0.0,0,98,5,2011,06,09,0,1,0.0,590832.5238095238,1247518.6435643565,790959
523,옥희의 영화,스폰지,드라마,80,청소년 관람불가,홍상수,19658.5,0,57,3,2010,09,16,1,2,39317.0,625689.7918552036,364181.32843137253,37122
524,코인라커,(주)드림팩트엔터테인먼트,느와르,95,청소년 관람불가,김태경,228385.0,1,115,2,2015,05,28,0,3,590675.0,2263695.111111111,364181.32843137253,1008
525,반드시 크게 들을 것,인디스토리,다큐멘터리,95,15세 관람가,백승화,0.0,0,16,11,2010,04,22,0,1,0.0,67172.25806451614,1247518.6435643565,2732
526,고스트 메신저 극장판,에이원 엔터테인먼트,애니메이션,78,12세 관람가,구봉회,0.0,0,0,5,2014,05,22,0,1,0.0,181926.66666666666,844980.9019607843,23802
527,그놈이다,CGV 아트하우스,공포,109,15세 관람가,윤준형,1081752.0,1,317,3,2015,10,28,0,2,1081752.0,590832.5238095238,1247518.6435643565,1046313
528,귀,CJ 엔터테인먼트,공포,109,15세 관람가,김조광수,0.0,0,255,13,2010,06,10,0,1,0.0,590832.5238095238,1247518.6435643565,13108
529,맛있는 덫-정사,(주) 케이알씨지,멜로/로맨스,88,청소년 관람불가,신정균,752.5,2,22,2,2015,10,07,0,2,752.5,425968.03846153844,364181.32843137253,426
530,7번방의 선물,(주)NEW,코미디,127,15세 관람가,이환경,819049.5,2,300,8,2013,01,23,1,3,1638099.0,1193914.0,1247518.6435643565,12811435
531,꿈은 이루어진다,CJ 엔터테인먼트,코미디,113,15세 관람가,계윤식,1468191.0,1,258,2,2010,05,27,0,2,1468191.0,1193914.0,1247518.6435643565,101698
532,남자사용설명서,(주)쇼박스,멜로/로맨스,116,15세 관람가,이원석,0.0,0,158,3,2013,02,14,0,1,0.0,425968.03846153844,1247518.6435643565,507913
533,홈 스위트 홈,머스트 씨 무비,애니메이션,67,12세 관람가,안도 마사히로,0.0,0,8,3,2014,07,17,1,1,0.0,181926.66666666666,844980.9019607843,2329
534,밀양 아리랑,시네마달,다큐멘터리,102,15세 관람가,박배일,0.0,0,5,4,2015,07,16,1,1,0.0,67172.25806451614,1247518.6435643565,3044
535,조선마술사,롯데엔터테인먼트,드라마,122,12세 관람가,김대승,1347413.75,4,574,2,2015,12,30,1,2,1347413.75,625689.7918552036,844980.9019607843,627586
536,스파이,이십세기폭스코리아(주),코미디,120,15세 관람가,폴 페이그,0.0,0,14,6,2015,05,21,0,1,0.0,1193914.0,1247518.6435643565,2318748
537,터널 3D,BoXoo 엔터테인먼트,공포,86,15세 관람가,박규택,0.0,0,365,4,2014,08,20,1,1,0.0,590832.5238095238,1247518.6435643565,81008
538,마이 보이,트리필름,드라마,99,12세 관람가,전규환,0.0,0,117,4,2014,04,10,0,1,0.0,625689.7918552036,844980.9019607843,3523
539,구르믈 버서난 달처럼,SK텔레콤(주),드라마,111,15세 관람가,이준익,0.0,0,410,4,2010,04,28,0,1,0.0,625689.7918552036,1247518.6435643565,1383867
540,헤드,SBS콘텐츠허브,액션,100,청소년 관람불가,조운,145.0,1,290,3,2011,05,26,0,2,145.0,2203974.0714285714,364181.32843137253,61414
541,어이그 저 귓것,영화사 진진,드라마,90,전체 관람가,오멸,0.0,0,0,5,2011,08,25,1,1,0.0,625689.7918552036,135100.45652173914,732
542,감금의 시간,마법사필름,공포,91,청소년 관람불가,김대성,0.0,0,1,2,2015,12,03,1,1,0.0,590832.5238095238,364181.32843137253,555
543,"협녀, 칼의 기억",롯데엔터테인먼트,액션,121,15세 관람가,박흥식,120930.333333333,3,439,3,2015,08,13,1,2,120930.333333333,2203974.0714285714,1247518.6435643565,431310
544,꼭 껴안고 눈물 핑,스폰지이엔티,멜로/로맨스,78,15세 관람가,김동원,340.0,1,9,3,2011,03,10,0,2,340.0,425968.03846153844,1247518.6435643565,614
545,남쪽으로 간다,시네마달,드라마,45,청소년 관람불가,이송희일,3389.0,1,2,2,2012,11,15,0,3,6543.0,625689.7918552036,364181.32843137253,2919
546,설마 그럴리가 없어,(주) 영화사조제,드라마,95,12세 관람가,조성규,0.0,0,23,2,2012,06,21,0,1,0.0,625689.7918552036,844980.9019607843,1679
547,제보자,메가박스(주)플러스엠,드라마,114,12세 관람가,임순례,15495.6666666667,3,277,3,2014,10,02,0,3,35875.6666666667,625689.7918552036,844980.9019607843,1755181
548,5백만불의 사나이,CJ 엔터테인먼트,코미디,107,15세 관람가,김익로,107375.5,2,157,3,2012,07,19,1,2,107375.5,1193914.0,1247518.6435643565,104736
549,맛있는 택배,(주)로드하우스,멜로/로맨스,84,청소년 관람불가,기대호,0.0,0,0,1,2015,04,02,0,1,0.0,425968.03846153844,364181.32843137253,6226
550,두만강,인디스토리,드라마,93,15세 관람가,장률,0.0,0,22,3,2011,03,17,0,1,0.0,625689.7918552036,1247518.6435643565,2429
551,명량: 회오리 바다를 향하여,(주)NEW,다큐멘터리,95,12세 관람가,정세교,2723789.25,4,12,5,2015,05,07,0,2,2723789.25,67172.25806451614,844980.9019607843,8897
552,자칼이 온다,롯데엔터테인먼트,코미디,107,15세 관람가,배형준,19.0,2,215,3,2012,11,15,0,2,19.0,1193914.0,1247518.6435643565,210278
553,미라클 여행기,미라클 필름,다큐멘터리,84,전체 관람가,허철,0.0,0,0,1,2015,01,15,1,1,0.0,67172.25806451614,135100.45652173914,3399
554,위험한 섹스,(주) 케이알씨지,멜로/로맨스,72,청소년 관람불가,이전,0.0,0,0,1,2015,09,23,1,1,0.0,425968.03846153844,364181.32843137253,419
555,듀엣,(주) 영화사조제,드라마,96,전체 관람가,이상빈,0.0,0,61,2,2012,04,19,0,1,0.0,625689.7918552036,135100.45652173914,1081
556,채식주의자,스폰지,드라마,113,청소년 관람불가,임우성,0.0,0,153,5,2010,02,18,0,1,0.0,625689.7918552036,364181.32843137253,3536
557,목숨,필라멘트 픽쳐스,다큐멘터리,95,12세 관람가,이창재,0.0,0,139,4,2014,12,04,1,1,0.0,67172.25806451614,844980.9019607843,38771
558,나나나 : 여배우 민낯 프로젝트,서울독립영화제,다큐멘터리,89,12세 관람가,부지영,0.0,0,1,3,2012,08,23,1,1,0.0,67172.25806451614,844980.9019607843,1028
559,특종: 량첸살인기,롯데엔터테인먼트,공포,125,15세 관람가,노덕,145.0,1,303,3,2015,10,22,0,3,290.0,590832.5238095238,1247518.6435643565,616481
560,폐가,시너지,공포,84,15세 관람가,이철하,0.0,0,118,6,2010,08,19,1,1,0.0,590832.5238095238,1247518.6435643565,225955
561,숨바꼭질,(주)NEW,공포,107,15세 관람가,허정,0.0,0,249,3,2013,08,14,1,1,0.0,590832.5238095238,1247518.6435643565,5604106
562,이파네마 소년,프리비젼 엔터테인먼트,멜로/로맨스,94,12세 관람가,김기훈,0.0,0,158,2,2010,11,04,0,1,0.0,425968.03846153844,844980.9019607843,3436
563,웨딩스캔들,(주)마인스엔터테인먼트,멜로/로맨스,90,15세 관람가,신재호,67602.0,1,57,2,2012,09,06,1,5,273400.5,425968.03846153844,1247518.6435643565,21295
564,사요나라 이츠카,CJ 엔터테인먼트,드라마,133,청소년 관람불가,이재한,1887850.0,1,404,3,2010,04,15,0,2,1887850.0,625689.7918552036,364181.32843137253,23229
565,도쿄 택시,(주)키노아이,코미디,75,전체 관람가,김태식,0.0,0,80,3,2010,05,20,0,1,0.0,1193914.0,135100.45652173914,6034
566,전국노래자랑,롯데엔터테인먼트,코미디,112,12세 관람가,이종필,385977.5,2,245,8,2013,05,01,0,3,771955.0,1193914.0,844980.9019607843,978413
567,술에 대하여 - 극장판,이모션 픽처스,다큐멘터리,72,15세 관람가,임범,0.0,0,0,2,2011,09,01,1,1,0.0,67172.25806451614,1247518.6435643565,541
568,공범,CJ 엔터테인먼트,공포,95,15세 관람가,국동석,1389992.0,4,281,2,2013,10,24,0,2,1389992.0,590832.5238095238,1247518.6435643565,1766285
569,네모난원,영화사 廊,드라마,100,15세 관람가,김성훈,86837.0,2,10,3,2012,12,06,1,3,522938.5,625689.7918552036,1247518.6435643565,7173
570,소리굽쇠,CJ 엔터테인먼트,드라마,105,15세 관람가,추상록,163019.5,2,154,3,2014,10,30,0,2,163019.5,625689.7918552036,1247518.6435643565,3060
571,뫼비우스,(주)NEW,드라마,90,청소년 관람불가,김기덕,0.0,0,93,3,2013,09,05,1,1,0.0,625689.7918552036,364181.32843137253,35348
572,천 번을 불러도,(주)마운틴픽쳐스,드라마,97,15세 관람가,신성섭,0.0,0,51,3,2014,10,16,0,1,0.0,625689.7918552036,1247518.6435643565,685
573,"1999, 면회",인디스토리,드라마,85,15세 관람가,김태곤,0.0,0,32,4,2013,02,21,0,1,0.0,625689.7918552036,1247518.6435643565,3404
574,사랑을 말하다,크리에이티브컴즈(주),드라마,61,15세 관람가,전화성,424.0,2,6,8,2012,09,13,1,3,769.333333333333,625689.7918552036,1247518.6435643565,188
575,분홍돌고래,ysfilm,드라마,78,12세 관람가,조연수,0.0,0,17,7,2010,07,01,1,1,0.0,625689.7918552036,844980.9019607843,172
576,점쟁이들,(주)NEW,코미디,119,15세 관람가,신정원,1030261.0,3,380,6,2012,10,03,0,2,1030261.0,1193914.0,1247518.6435643565,953682
577,망원동 인공위성,시네마달,다큐멘터리,108,12세 관람가,김형주,0.0,0,8,1,2015,02,05,0,1,0.0,67172.25806451614,844980.9019607843,2972
578,"메밀꽃, 운수 좋은 날, 그리고 봄봄",이달투,애니메이션,90,전체 관람가,안재훈,53235.0,1,167,7,2014,08,21,1,2,53235.0,181926.66666666666,135100.45652173914,35567
579,지옥화,(주)팝엔터테인먼트,드라마,99,청소년 관람불가,이상우,0.0,0,42,3,2014,11,06,0,1,0.0,625689.7918552036,364181.32843137253,600
580,정글히어로,CJ 엔터테인먼트,애니메이션,82,전체 관람가,박태동,0.0,0,0,6,2014,10,02,0,1,0.0,181926.66666666666,135100.45652173914,72052
581,자가당착: 시대정신과 현실참여,인디플러그,코미디,74,청소년 관람불가,김선,7763.0,1,29,4,2015,09,10,1,2,7763.0,1193914.0,364181.32843137253,532
582,뽀로로 극장판 컴퓨터 왕국 대모험,(주)NEW,애니메이션,62,전체 관람가,박영균,0.0,0,2,8,2015,12,10,1,1,0.0,181926.66666666666,135100.45652173914,446054
583,창수,(주)마인스 엔터테인먼트,느와르,103,청소년 관람불가,이덕희,281.0,1,194,5,2013,11,28,0,2,281.0,2263695.111111111,364181.32843137253,429141
584,페스티발,시너지,코미디,109,청소년 관람불가,이해영,475388.0,3,420,7,2010,11,18,0,3,1392750.2,1193914.0,364181.32843137253,196995
585,후쿠시마의 미래,인디플러그,다큐멘터리,70,전체 관람가,이홍기,0.0,0,4,1,2015,04,09,0,1,0.0,67172.25806451614,135100.45652173914,938
586,청야,마노엔터테인먼트,드라마,83,12세 관람가,김재수,0.0,0,2,4,2013,12,26,1,1,0.0,625689.7918552036,844980.9019607843,4550
587,서유기 리턴즈,(주) 영화사조제,SF,79,전체 관람가,신재호,67602.0,1,220,4,2011,02,17,0,5,273400.5,1788345.6923076923,135100.45652173914,12696
588,하울링,CJ 엔터테인먼트,느와르,114,15세 관람가,유하,2061296.66666667,3,288,2,2012,02,16,0,3,4010407.66666667,2263695.111111111,1247518.6435643565,1612554
589,상의원,(주)쇼박스,드라마,127,15세 관람가,이원석,0.0,0,456,5,2014,12,24,1,1,0.0,625689.7918552036,1247518.6435643565,790370
590,짐승의 끝,CJ 엔터테인먼트,미스터리,114,청소년 관람불가,조성희,0.0,0,92,2,2011,03,17,0,1,0.0,527548.1764705882,364181.32843137253,1250
591,아티스트 봉만대,씨너스엔터테인먼트(주),코미디,101,청소년 관람불가,봉만대,0.0,0,59,4,2013,08,29,1,1,0.0,1193914.0,364181.32843137253,14188
592,차이나타운,CGV아트하우스,느와르,110,청소년 관람불가,한준희,597497.0,3,420,3,2015,04,29,0,2,597497.0,2263695.111111111,364181.32843137253,1472147
593,낭만파 남편의 편지,퍼스트런,미스터리,97,청소년 관람불가,최위안,0.0,0,5,3,2013,09,12,1,1,0.0,527548.1764705882,364181.32843137253,1132
594,오빠가 돌아왔다,(주)마운틴픽쳐스,코미디,94,청소년 관람불가,노진수,0.0,0,37,5,2014,03,20,0,1,0.0,1193914.0,364181.32843137253,1958
595,해무,(주)NEW,드라마,111,청소년 관람불가,심성보,3833.0,1,510,7,2014,08,13,1,2,3833.0,625689.7918552036,364181.32843137253,1475091
596,파파로티,(주)쇼박스,드라마,127,15세 관람가,윤종찬,496061.0,1,286,6,2013,03,14,0,2,496061.0,625689.7918552036,1247518.6435643565,1716438
597,살인의 강,(주)마운틴픽쳐스,공포,99,청소년 관람불가,김대현,0.0,0,123,4,2010,09,30,1,1,0.0,590832.5238095238,364181.32843137253,2475
598,악의 연대기,CJ 엔터테인먼트,느와르,102,15세 관람가,백운학,0.0,0,431,4,2015,05,14,0,1,0.0,2263695.111111111,1247518.6435643565,2192525
599,베를린,CJ 엔터테인먼트,액션,120,15세 관람가,류승완,0.0,0,363,5,2013,01,30,1,1,0.0,2203974.0714285714,1247518.6435643565,7166532
